date,albany_do,norrie_do,albany_rainfall,norrie_rainfall,albany_turbidity,norrie_turbidity
2011-08-25 00:00:00,7.68,7.81,0.0,0.0,4.0,9.3
2011-08-25 00:15:00,7.6,7.73,0.0,0.0,3.9,8.4
2011-08-25 00:30:00,7.57,7.63,0.0,0.0,4.3,7.9
2011-08-25 00:45:00,7.72,7.67,0.0,0.0,4.7,8.1
2011-08-25 01:00:00,7.74,7.63,0.0,0.0,4.4,8.4
2011-08-25 01:15:00,7.71,7.6,0.0,0.0,5.4,8.1
2011-08-25 01:30:00,7.6,7.57,0.0,0.0,3.9,8.9
2011-08-25 01:45:00,7.66,7.58,0.0,0.0,4.1,9.2
2011-08-25 02:00:00,7.84,7.58,0.0,0.0,4.2,8.1
2011-08-25 02:15:00,7.82,7.59,0.0,0.0,4.6,8.4
2011-08-25 02:30:00,7.82,7.61,0.0,0.0,4.1,8.9
2011-08-25 02:45:00,7.77,7.62,0.0,0.0,4.6,9.4
2011-08-25 03:00:00,7.76,7.6,0.0,0.0,5.1,10.9
2011-08-25 03:15:00,7.78,7.57,0.0,0.0,5.8,8.3
2011-08-25 03:30:00,7.8,7.57,0.0,0.0,4.5,10.5
2011-08-25 03:45:00,7.77,7.55,0.0,0.0,4.9,8.7
2011-08-25 04:00:00,7.73,7.54,0.0,0.0,3.1,9.0
2011-08-25 04:15:00,7.63,7.54,0.0,0.0,2.9,8.1
2011-08-25 04:30:00,7.59,7.47,0.0,0.0,4.2,8.1
2011-08-25 04:45:00,7.82,7.5,0.0,0.0,3.5,8.1
2011-08-25 05:00:00,7.79,7.44,0.0,0.0,3.5,8.7
2011-08-25 05:15:00,7.83,7.51,0.0,0.0,3.3,9.0
2011-08-25 05:30:00,7.81,7.56,0.0,0.0,3.3,9.1
2011-08-25 05:45:00,7.84,7.56,0.0,0.0,3.4,9.7
2011-08-25 06:00:00,7.86,7.54,0.0,0.0,3.5,8.3
2011-08-25 06:15:00,7.86,7.53,0.0,0.0,3.4,8.7
2011-08-25 06:30:00,7.86,7.5,0.0,0.0,3.8,8.9
2011-08-25 06:45:00,7.85,7.54,0.0,0.0,3.6,9.2
2011-08-25 07:00:00,7.87,7.53,0.0,0.0,4.0,8.3
2011-08-25 07:15:00,7.82,7.46,0.0,0.0,3.3,8.0
2011-08-25 07:30:00,7.85,7.57,0.0,0.0,3.4,8.0
2011-08-25 07:45:00,7.9,7.52,0.0,0.0,3.8,9.3
2011-08-25 08:00:00,7.83,7.52,0.0,0.0,3.5,8.9
2011-08-25 08:15:00,7.94,7.51,0.0,0.0,3.9,8.9
2011-08-25 08:30:00,7.97,7.51,0.0,0.0,3.7,11.4
2011-08-25 08:45:00,7.98,7.54,0.0,0.0,3.9,8.6
2011-08-25 09:00:00,7.97,7.58,0.0,0.0,3.4,8.7
2011-08-25 09:15:00,7.93,7.57,0.0,0.0,4.7,9.2
2011-08-25 09:30:00,7.89,7.6,0.0,0.0,2.9,8.6
2011-08-25 09:45:00,8.0,7.57,0.0,0.0,3.4,8.1
2011-08-25 10:00:00,7.94,7.56,0.0,0.0,3.7,8.2
2011-08-25 10:15:00,7.96,7.54,0.0,0.02,3.8,8.4
2011-08-25 10:30:00,7.95,7.54,0.0,0.06,3.2,8.7
2011-08-25 10:45:00,7.96,7.52,0.0,0.08,3.9,7.7
2011-08-25 11:00:00,7.91,7.48,0.0,0.1,4.0,7.7
2011-08-25 11:15:00,7.9,7.43,0.0,0.13,3.7,7.8
2011-08-25 11:30:00,7.79,7.27,0.0,0.14,3.5,8.3
2011-08-25 11:45:00,7.74,7.48,0.0,0.15,3.6,9.0
2011-08-25 12:00:00,7.77,7.57,0.0,0.15,4.0,9.2
2011-08-25 12:15:00,7.79,7.63,0.0,0.15,4.2,9.7
2011-08-25 12:30:00,7.75,7.68,0.0,0.15,3.6,8.3
2011-08-25 12:45:00,7.7,7.7,0.0,0.15,3.7,7.6
2011-08-25 13:00:00,7.75,7.75,0.0,0.15,4.0,7.7
2011-08-25 13:15:00,7.61,7.76,0.0,0.15,3.9,7.3
2011-08-25 13:30:00,7.77,7.72,0.0,0.15,4.3,7.6
2011-08-25 13:45:00,7.78,7.74,0.0,0.15,3.4,7.9
2011-08-25 14:00:00,7.83,7.75,0.0,0.15,4.4,9.7
2011-08-25 14:15:00,7.92,7.77,0.01,0.15,4.0,8.3
2011-08-25 14:30:00,7.95,7.76,0.01,0.15,5.4,7.8
2011-08-25 14:45:00,7.86,7.73,0.01,0.15,4.6,9.7
2011-08-25 15:00:00,7.78,7.77,0.05,0.15,4.5,8.3
2011-08-25 15:15:00,7.62,7.74,0.05,0.15,3.4,9.6
2011-08-25 15:30:00,7.64,7.87,0.06,0.15,3.8,8.1
2011-08-25 15:45:00,7.72,7.83,0.06,0.15,4.1,8.2
2011-08-25 16:00:00,7.72,7.72,0.07,0.15,4.4,9.8
2011-08-25 16:15:00,7.74,7.71,0.07,0.15,3.4,8.4
2011-08-25 16:30:00,7.92,7.71,0.25,0.15,3.1,8.6
2011-08-25 16:45:00,7.76,7.59,0.389999,0.15,4.0,9.2
2011-08-25 17:00:00,7.74,7.7,0.389999,0.15,5.8,9.2
2011-08-25 17:15:00,7.71,7.81,0.399999,0.15,4.7,8.4
2011-08-25 17:30:00,7.62,7.8,0.399999,0.15,4.4,8.7
2011-08-25 17:45:00,7.66,7.75,0.399999,0.15,6.8,9.5
2011-08-25 18:00:00,7.75,7.95,0.399999,0.15,4.6,6.9
2011-08-25 18:15:00,7.76,7.88,0.399999,0.15,4.2,7.1
2011-08-25 18:30:00,7.79,7.84,0.399999,0.15,4.3,7.0
2011-08-25 18:45:00,7.73,7.83,0.409999,0.15,4.2,6.8
2011-08-25 19:00:00,7.7,7.81,0.409999,0.15,4.6,9.0
2011-08-25 19:15:00,7.64,7.76,0.409999,0.15,5.4,10.6
2011-08-25 19:30:00,7.62,7.72,0.409999,0.15,6.2,9.5
2011-08-25 19:45:00,7.53,7.64,0.409999,0.15,5.0,9.7
2011-08-25 20:00:00,7.62,7.62,0.409999,0.15,6.9,12.3
2011-08-25 20:15:00,7.49,7.61,0.409999,0.15,5.1,10.5
2011-08-25 20:30:00,7.58,7.6,0.409999,0.15,6.6,10.8
2011-08-25 20:45:00,7.61,7.61,0.409999,0.22,7.2,8.9
2011-08-25 21:00:00,7.52,7.6,0.409999,0.22,6.2,8.7
2011-08-25 21:15:00,7.6,7.59,0.409999,0.22,6.1,8.7
2011-08-25 21:30:00,7.61,7.57,0.409999,0.22,6.3,8.3
2011-08-25 21:45:00,7.62,7.56,0.409999,0.22,6.3,8.3
2011-08-25 22:00:00,7.67,7.54,0.409999,0.22,5.8,8.6
2011-08-25 22:15:00,7.68,7.5,0.409999,0.22,5.3,8.9
2011-08-25 22:30:00,7.7,7.48,0.409999,0.22,5.0,9.4
2011-08-25 22:45:00,7.68,7.46,0.409999,0.22,4.6,9.1
2011-08-25 23:00:00,7.65,7.42,0.409999,0.22,4.5,10.6
2011-08-25 23:15:00,7.65,7.27,0.409999,0.22,4.0,7.5
2011-08-25 23:30:00,7.54,7.26,0.409999,0.22,4.4,8.5
2011-08-25 23:45:00,7.36,7.41,0.409999,0.22,4.2,8.4
2011-08-26 00:00:00,7.33,7.35,0.409999,0.22,3.4,8.4
2011-08-26 00:15:00,7.55,7.41,0.409999,0.22,5.1,9.0
2011-08-26 00:30:00,7.43,7.41,0.409999,0.22,5.0,8.7
2011-08-26 00:45:00,7.53,7.45,0.409999,0.22,5.2,7.5
2011-08-26 01:00:00,7.47,7.45,0.0,0.0,4.9,8.1
2011-08-26 01:15:00,7.48,7.42,0.0,0.0,4.7,7.6
2011-08-26 01:30:00,7.49,7.38,0.0,0.0,5.2,8.9
2011-08-26 01:45:00,7.51,7.39,0.0,0.0,4.5,8.1
2011-08-26 02:00:00,7.52,7.37,0.0,0.0,4.8,8.1
2011-08-26 02:15:00,7.45,7.36,0.0,0.0,5.0,8.6
2011-08-26 02:30:00,7.58,7.33,0.0,0.0,4.4,8.1
2011-08-26 02:45:00,7.68,7.34,0.0,0.0,4.4,8.8
2011-08-26 03:00:00,7.62,7.34,0.0,0.0,5.6,8.5
2011-08-26 03:15:00,7.42,7.37,0.0,0.0,4.9,9.6
2011-08-26 03:30:00,7.55,7.34,0.0,0.0,4.4,9.7
2011-08-26 03:45:00,7.53,7.38,0.0,0.0,5.0,9.7
2011-08-26 04:00:00,7.62,7.33,0.0,0.0,5.8,9.2
2011-08-26 04:15:00,7.62,7.33,0.0,0.0,5.2,8.9
2011-08-26 04:30:00,7.71,7.32,0.0,0.0,6.6,9.5
2011-08-26 04:45:00,7.67,7.26,0.0,0.0,5.6,9.6
2011-08-26 05:00:00,7.73,7.25,0.0,0.0,7.0,10.1
2011-08-26 05:15:00,7.66,7.2,0.0,0.0,5.7,8.9
2011-08-26 05:30:00,7.75,7.18,0.0,0.0,5.8,9.6
2011-08-26 05:45:00,7.78,7.08,0.0,0.0,8.9,9.2
2011-08-26 06:00:00,7.79,6.75,0.0,0.0,8.3,8.7
2011-08-26 06:15:00,7.78,7.25,0.0,0.0,8.6,11.2
2011-08-26 06:30:00,7.74,7.35,0.0,0.0,8.8,10.6
2011-08-26 06:45:00,7.75,7.36,0.0,0.0,8.1,13.5
2011-08-26 07:00:00,7.74,7.25,0.0,0.0,8.1,12.5
2011-08-26 07:15:00,7.7,7.36,0.0,0.0,8.2,12.3
2011-08-26 07:30:00,7.68,7.39,0.0,0.0,8.4,10.9
2011-08-26 07:45:00,7.62,7.4,0.0,0.0,8.2,10.5
2011-08-26 08:00:00,7.66,7.41,0.0,0.0,7.5,10.4
2011-08-26 08:15:00,7.51,7.42,0.0,0.0,7.0,13.6
2011-08-26 08:30:00,7.58,7.45,0.0,0.0,7.0,10.8
2011-08-26 08:45:00,7.62,7.46,0.0,0.0,7.2,11.5
2011-08-26 09:00:00,7.63,7.42,0.0,0.0,8.6,11.2
2011-08-26 09:15:00,7.55,7.46,0.0,0.0,8.1,11.6
2011-08-26 09:30:00,7.52,7.51,0.0,0.0,6.2,10.5
2011-08-26 09:45:00,7.61,7.5,0.0,0.0,6.1,10.0
2011-08-26 10:00:00,7.6,7.5,0.0,0.0,6.1,10.3
2011-08-26 10:15:00,7.45,7.61,0.0,0.0,4.8,11.1
2011-08-26 10:30:00,7.69,7.64,0.0,0.0,5.0,10.4
2011-08-26 10:45:00,7.64,7.66,0.0,0.0,5.6,10.2
2011-08-26 11:00:00,7.65,7.62,0.0,0.0,6.1,10.4
2011-08-26 11:15:00,7.67,7.71,0.0,0.0,6.0,11.9
2011-08-26 11:30:00,7.64,7.66,0.0,0.0,6.1,12.0
2011-08-26 11:45:00,7.66,7.72,0.0,0.0,5.8,11.4
2011-08-26 12:00:00,7.52,7.53,0.0,0.0,5.2,11.7
2011-08-26 12:15:00,7.36,7.89,0.0,0.0,5.6,11.5
2011-08-26 12:30:00,7.49,7.75,0.0,0.0,7.1,12.5
2011-08-26 12:45:00,7.45,7.68,0.0,0.0,6.2,13.2
2011-08-26 13:00:00,7.35,7.79,0.0,0.0,4.1,12.8
2011-08-26 13:15:00,7.69,7.74,0.0,0.0,4.7,12.9
2011-08-26 13:30:00,7.65,7.65,0.0,0.0,4.9,11.9
2011-08-26 13:45:00,7.52,7.92,0.0,0.0,5.6,12.8
2011-08-26 14:00:00,7.55,7.69,0.0,0.0,6.6,12.8
2011-08-26 14:15:00,7.51,7.9,0.0,0.0,5.3,13.3
2011-08-26 14:30:00,7.53,7.48,0.0,0.0,6.3,14.3
2011-08-26 14:45:00,7.69,7.45,0.0,0.0,6.0,20.2
2011-08-26 15:00:00,7.66,7.43,0.0,0.0,5.7,18.4
2011-08-26 15:15:00,7.59,7.57,0.0,0.0,6.8,18.7
2011-08-26 15:30:00,7.62,7.42,0.0,0.0,5.7,19.9
2011-08-26 15:45:00,7.62,7.45,0.0,0.0,5.5,20.6
2011-08-26 16:00:00,7.67,7.43,0.0,0.0,5.2,19.8
2011-08-26 16:15:00,7.53,7.37,0.0,0.0,4.1,23.1
2011-08-26 16:30:00,7.75,7.51,0.0,0.0,4.7,21.2
2011-08-26 16:45:00,7.56,7.55,0.0,0.0,4.4,23.4
2011-08-26 17:00:00,7.57,7.37,0.0,0.0,4.8,21.5
2011-08-26 17:15:00,7.64,7.47,0.0,0.0,4.2,24.8
2011-08-26 17:30:00,7.51,7.42,0.0,0.0,4.6,27.1
2011-08-26 17:45:00,7.59,7.2,0.0,0.0,3.9,23.5
2011-08-26 18:00:00,7.65,7.4,0.0,0.0,4.4,23.0
2011-08-26 18:15:00,7.42,7.49,0.0,0.0,4.0,24.7
2011-08-26 18:30:00,7.45,7.7,0.0,0.0,3.8,19.0
2011-08-26 18:45:00,7.5,7.47,0.0,0.0,4.2,21.6
2011-08-26 19:00:00,7.59,7.69,0.0,0.0,3.9,18.7
2011-08-26 19:15:00,7.73,7.66,0.0,0.0,4.3,20.1
2011-08-26 19:30:00,7.58,7.69,0.0,0.0,3.8,17.8
2011-08-26 19:45:00,7.62,7.58,0.0,0.0,3.9,22.2
2011-08-26 20:00:00,7.74,7.68,0.0,0.0,4.1,27.4
2011-08-26 20:15:00,7.55,7.66,0.0,0.0,3.9,887.0
2011-08-26 20:30:00,7.18,7.54,0.0,0.0,3.2,32.2
2011-08-26 20:45:00,7.38,7.61,0.0,0.0,3.5,100.8
2011-08-26 21:00:00,7.5,7.76,0.0,0.0,3.6,17.2
2011-08-26 21:15:00,7.38,7.76,0.0,0.0,4.8,17.9
2011-08-26 21:30:00,7.8,7.71,0.0,0.0,3.9,19.9
2011-08-26 21:45:00,7.78,7.55,0.0,0.0,4.2,20.1
2011-08-26 22:00:00,7.94,7.55,0.0,0.0,4.2,15.3
2011-08-26 22:15:00,7.92,7.52,0.0,0.0,4.5,15.9
2011-08-26 22:30:00,7.86,7.51,0.0,0.0,5.3,19.1
2011-08-26 22:45:00,7.92,7.47,0.0,0.0,5.2,21.9
2011-08-26 23:00:00,7.86,7.49,0.0,0.0,6.5,20.5
2011-08-26 23:15:00,7.86,7.59,0.0,0.0,5.0,19.1
2011-08-26 23:30:00,7.74,7.64,0.0,0.0,4.6,20.9
2011-08-26 23:45:00,7.82,7.35,0.0,0.0,4.7,26.6
2011-08-27 00:00:00,7.68,7.21,0.0,0.0,4.0,29.7
2011-08-27 00:15:00,7.79,7.14,0.0,0.0,4.5,24.9
2011-08-27 00:30:00,7.7,7.33,0.0,0.0,4.3,66.6
2011-08-27 00:45:00,7.77,7.42,0.0,0.0,5.5,125.0
2011-08-27 01:00:00,7.81,7.48,0.0,0.0,6.4,64.6
2011-08-27 01:15:00,7.75,7.44,0.0,0.0,4.8,37.2
2011-08-27 01:30:00,7.77,7.48,0.0,0.0,5.2,22.1
2011-08-27 01:45:00,7.68,7.48,0.0,0.0,4.3,19.5
2011-08-27 02:00:00,7.72,7.46,0.0,0.0,5.3,19.9
2011-08-27 02:15:00,7.64,7.45,0.0,0.0,4.8,21.3
2011-08-27 02:30:00,7.72,7.41,0.0,0.0,6.6,17.3
2011-08-27 02:45:00,7.74,7.4,0.0,0.0,5.9,24.9
2011-08-27 03:00:00,7.71,7.37,0.0,0.0,5.4,22.4
2011-08-27 03:15:00,7.74,7.32,0.0,0.0,6.1,22.7
2011-08-27 03:30:00,7.67,7.31,0.0,0.0,5.6,22.0
2011-08-27 03:45:00,7.71,7.33,0.0,0.0,5.7,20.1
2011-08-27 04:00:00,7.66,7.25,0.0,0.0,5.0,25.3
2011-08-27 04:15:00,7.73,7.2,0.0,0.0,4.7,22.2
2011-08-27 04:30:00,7.74,7.28,0.0,0.0,4.8,25.4
2011-08-27 04:45:00,7.8,7.29,0.0,0.0,4.4,24.1
2011-08-27 05:00:00,7.74,7.22,0.0,0.0,4.4,23.8
2011-08-27 05:15:00,7.75,7.28,0.0,0.0,5.0,26.4
2011-08-27 05:30:00,7.72,7.16,0.0,0.0,5.1,21.7
2011-08-27 05:45:00,7.73,7.17,0.0,0.0,4.8,22.2
2011-08-27 06:00:00,7.72,7.15,0.0,0.0,5.2,22.7
2011-08-27 06:15:00,7.72,7.1,0.0,0.0,5.5,21.0
2011-08-27 06:30:00,7.7,7.26,0.0,0.0,5.5,24.5
2011-08-27 06:45:00,7.67,7.22,0.0,0.0,5.2,19.7
2011-08-27 07:00:00,7.74,7.3,0.0,0.0,4.9,23.4
2011-08-27 07:15:00,7.71,7.36,0.0,0.0,4.5,27.2
2011-08-27 07:30:00,7.48,7.38,0.0,0.0,4.2,23.0
2011-08-27 07:45:00,7.68,7.45,0.0,0.0,4.7,18.4
2011-08-27 08:00:00,7.7,7.48,0.0,0.0,4.6,18.8
2011-08-27 08:15:00,7.7,7.27,0.0,0.0,4.3,19.0
2011-08-27 08:30:00,7.71,7.37,0.0,0.0,5.0,26.7
2011-08-27 08:45:00,7.64,7.42,0.0,0.0,5.0,525.3
2011-08-27 09:00:00,7.7,7.47,0.0,0.0,5.3,18.2
2011-08-27 09:15:00,7.73,7.53,0.0,0.0,4.4,18.1
2011-08-27 09:30:00,7.68,7.46,0.0,0.0,5.8,18.1
2011-08-27 09:45:00,7.8,7.48,0.0,0.0,6.4,18.6
2011-08-27 10:00:00,7.82,7.47,0.0,0.0,5.2,18.3
2011-08-27 10:15:00,7.89,7.44,0.0,0.0,5.8,16.2
2011-08-27 10:30:00,7.99,7.48,0.0,0.0,4.8,18.0
2011-08-27 10:45:00,7.97,7.5,0.0,0.0,5.1,16.6
2011-08-27 11:00:00,7.98,7.53,0.0,0.0,5.4,24.7
2011-08-27 11:15:00,8.04,7.56,0.0,0.0,4.7,20.0
2011-08-27 11:30:00,8.06,7.61,0.0,0.0,4.0,17.0
2011-08-27 11:45:00,8.0,7.62,0.0,0.0,4.0,20.7
2011-08-27 12:00:00,7.93,7.62,0.0,0.0,4.6,21.6
2011-08-27 12:15:00,7.97,7.68,0.0,0.0,4.3,27.2
2011-08-27 12:30:00,7.83,7.57,0.0,0.0,4.2,67.9
2011-08-27 12:45:00,7.87,7.51,0.0,0.0,3.9,22.6
2011-08-27 13:00:00,7.81,7.3,0.0,0.0,6.0,16.7
2011-08-27 13:15:00,7.81,7.2,0.0,0.0,6.1,22.1
2011-08-27 13:30:00,7.78,7.5,0.0,0.0,6.5,21.1
2011-08-27 13:45:00,7.73,7.59,0.0,0.01,5.1,19.3
2011-08-27 14:00:00,7.81,7.58,0.0,0.12,5.4,20.4
2011-08-27 14:15:00,7.92,7.64,0.0,0.12,5.0,22.7
2011-08-27 14:30:00,7.87,7.76,0.0,0.13,5.0,19.1
2011-08-27 14:45:00,7.94,7.79,0.0,0.18,4.7,19.5
2011-08-27 15:00:00,7.95,7.69,0.0,0.339999,4.9,21.3
2011-08-27 15:15:00,7.9,7.65,0.0,0.349999,4.6,19.6
2011-08-27 15:30:00,7.9,7.55,0.0,0.359999,3.9,23.2
2011-08-27 15:45:00,7.95,7.65,0.0,0.369999,4.3,21.7
2011-08-27 16:00:00,7.91,7.41,0.0,0.389999,4.1,24.9
2011-08-27 16:15:00,7.89,7.41,0.0,0.389999,4.4,26.2
2011-08-27 16:30:00,8.02,7.42,0.0,0.389999,3.8,25.6
2011-08-27 16:45:00,7.97,7.5,0.0,0.389999,3.9,26.1
2011-08-27 17:00:00,7.99,7.44,0.0,0.389999,4.2,24.8
2011-08-27 17:15:00,8.02,7.39,0.17,0.389999,4.5,24.6
2011-08-27 17:30:00,8.09,7.36,0.22,0.389999,4.3,30.0
2011-08-27 17:45:00,8.08,7.33,0.22,0.389999,4.4,27.2
2011-08-27 18:00:00,8.09,7.2,0.22,0.389999,4.8,28.9
2011-08-27 18:15:00,8.12,6.97,0.23,0.389999,5.1,27.5
2011-08-27 18:30:00,8.14,7.1,0.24,0.389999,5.9,29.2
2011-08-27 18:45:00,8.11,7.28,0.24,0.389999,5.5,32.4
2011-08-27 19:00:00,8.09,7.27,0.24,0.389999,4.9,23.9
2011-08-27 19:15:00,8.08,7.4,0.24,0.389999,5.1,23.4
2011-08-27 19:30:00,8.1,7.37,0.24,0.389999,4.8,21.9
2011-08-27 19:45:00,8.07,7.45,0.24,0.389999,5.1,17.7
2011-08-27 20:00:00,7.93,7.52,0.24,0.399999,6.0,16.5
2011-08-27 20:15:00,7.97,7.58,0.24,0.409999,3.8,14.2
2011-08-27 20:30:00,7.99,7.38,0.24,0.419999,5.4,15.4
2011-08-27 20:45:00,7.92,7.46,0.25,0.429999,5.1,20.9
2011-08-27 21:00:00,7.95,7.43,0.25,0.429999,5.0,19.7
2011-08-27 21:15:00,7.97,7.38,0.25,0.429999,6.5,19.4
2011-08-27 21:30:00,7.89,7.34,0.25,0.439999,4.4,21.1
2011-08-27 21:45:00,7.93,7.34,0.25,0.449999,4.5,17.2
2011-08-27 22:00:00,7.87,7.3,0.25,0.459999,3.6,18.9
2011-08-27 22:15:00,7.87,7.33,0.259999,0.459999,4.5,16.6
2011-08-27 22:30:00,7.81,7.32,0.299999,0.469999,3.9,15.9
2011-08-27 22:45:00,7.93,7.29,0.299999,0.479999,4.4,19.8
2011-08-27 23:00:00,7.94,7.29,0.309999,0.499999,4.7,18.8
2011-08-27 23:15:00,7.91,7.28,0.309999,0.509999,4.5,19.3
2011-08-27 23:30:00,7.9,7.3,0.309999,0.539999,4.1,20.4
2011-08-27 23:45:00,7.91,7.26,0.309999,0.589999,4.3,22.6
2011-08-28 00:00:00,7.93,7.29,0.319999,0.639999,4.5,20.5
2011-08-28 00:15:00,7.9,7.29,0.329999,0.769998,3.6,23.4
2011-08-28 00:30:00,7.83,7.3,0.329999,0.899998,3.6,21.1
2011-08-28 00:45:00,7.84,7.18,0.359999,0.949998,4.2,36.5
2011-08-28 01:00:00,7.82,7.07,0.04,0.08,3.9,30.7
2011-08-28 01:15:00,7.79,7.23,0.08,0.18,3.8,37.0
2011-08-28 01:30:00,7.78,7.23,0.12,0.23,3.0,31.7
2011-08-28 01:45:00,7.77,7.22,0.19,0.259999,4.1,27.6
2011-08-28 02:00:00,7.75,7.29,0.24,0.279999,4.5,32.5
2011-08-28 02:15:00,7.85,7.29,0.299999,0.329999,3.9,27.5
2011-08-28 02:30:00,7.83,7.26,0.349999,0.389999,5.4,25.6
2011-08-28 02:45:00,7.8,7.24,0.449999,0.459999,4.6,28.2
2011-08-28 03:00:00,7.81,7.3,0.479999,0.549999,5.2,27.6
2011-08-28 03:15:00,7.88,7.3,0.529999,0.669999,4.5,20.5
2011-08-28 03:30:00,7.88,7.27,0.579999,0.819998,4.8,22.0
2011-08-28 03:45:00,7.85,7.29,0.609999,0.929998,4.7,22.2
2011-08-28 04:00:00,7.82,7.26,0.639999,1.059998,4.7,28.8
2011-08-28 04:15:00,7.81,7.27,0.679999,1.169998,4.7,24.5
2011-08-28 04:30:00,7.85,7.27,0.719999,1.279997,4.3,23.0
2011-08-28 04:45:00,7.82,7.27,0.769998,1.519997,4.7,24.6
2011-08-28 05:00:00,7.84,7.33,0.819998,1.669997,4.6,24.6
2011-08-28 05:15:00,7.81,7.34,0.869998,1.759996,5.0,25.0
2011-08-28 05:30:00,7.79,7.36,0.959998,1.869996,4.8,26.0
2011-08-28 05:45:00,7.84,7.38,1.059998,1.939996,5.0,30.3
2011-08-28 06:00:00,7.82,7.35,1.159998,2.039996,5.4,33.2
2011-08-28 06:15:00,7.8,7.38,1.199998,2.169996,5.1,32.9
2011-08-28 06:30:00,7.79,7.38,1.249998,2.329995,5.5,29.6
2011-08-28 06:45:00,7.76,7.39,1.289997,2.389995,5.4,32.4
2011-08-28 07:00:00,7.77,7.38,1.379997,2.509995,5.6,26.3
2011-08-28 07:15:00,7.81,7.35,1.429997,2.699995,5.3,32.7
2011-08-28 07:30:00,7.78,7.32,1.479997,3.099994,5.4,39.0
2011-08-28 07:45:00,7.77,7.38,1.519997,3.309993,5.2,38.5
2011-08-28 08:00:00,7.78,7.38,1.579997,3.389993,5.7,25.6
2011-08-28 08:15:00,7.82,7.37,1.679997,3.509993,6.0,27.5
2011-08-28 08:30:00,7.74,7.45,1.729997,3.639993,4.9,23.6
2011-08-28 08:45:00,7.94,7.48,1.839996,3.769992,6.0,20.2
2011-08-28 09:00:00,7.97,7.47,1.969996,3.879992,6.1,22.2
2011-08-28 09:15:00,8.0,7.46,2.079996,3.969992,6.7,25.7
2011-08-28 09:30:00,8.03,7.38,2.209996,4.089992,6.1,24.7
2011-08-28 09:45:00,7.91,7.38,2.339995,4.229992,6.2,22.9
2011-08-28 10:00:00,8.07,7.36,2.459995,4.349991,7.0,24.9
2011-08-28 10:15:00,8.07,7.36,2.589995,4.509991,7.1,25.6
2011-08-28 10:30:00,8.09,7.37,2.789994,4.719991,7.5,22.8
2011-08-28 10:45:00,8.16,7.37,2.979994,4.93999,8.3,22.6
2011-08-28 11:00:00,8.13,7.37,3.159994,5.20999,8.4,26.2
2011-08-28 11:15:00,8.19,7.33,3.319993,5.429989,9.4,24.5
2011-08-28 11:30:00,8.21,7.37,3.459993,5.579989,9.8,28.3
2011-08-28 11:45:00,8.19,7.34,3.589993,5.689989,9.3,29.2
2011-08-28 12:00:00,8.16,7.34,3.709993,5.809988,9.9,23.2
2011-08-28 12:15:00,8.17,7.29,3.829992,5.919988,8.3,27.7
2011-08-28 12:30:00,8.1,7.38,3.949992,5.969988,9.6,29.2
2011-08-28 12:45:00,8.11,7.36,4.059992,5.989988,9.7,31.9
2011-08-28 13:00:00,8.13,7.39,4.169992,5.989988,9.3,30.6
2011-08-28 13:15:00,8.1,7.38,4.279991,5.999988,10.1,32.2
2011-08-28 13:30:00,8.09,7.3,4.389991,6.009988,10.2,31.7
2011-08-28 13:45:00,8.04,7.39,4.489991,6.019988,11.2,31.8
2011-08-28 14:00:00,8.06,7.38,4.589991,6.019988,12.5,39.0
2011-08-28 14:15:00,8.05,7.44,4.659991,6.029988,14.6,30.6
2011-08-28 14:30:00,8.05,7.45,4.679991,6.029988,18.4,33.8
2011-08-28 14:45:00,7.95,7.49,4.699991,6.029988,21.0,28.9
2011-08-28 15:00:00,8.04,7.57,4.709991,6.029988,30.5,26.1
2011-08-28 15:15:00,8.06,7.66,4.719991,6.029988,33.6,28.3
2011-08-28 15:30:00,8.06,7.59,4.719991,6.029988,36.6,30.4
2011-08-28 15:45:00,8.04,7.53,4.729991,6.029988,31.8,25.5
2011-08-28 16:00:00,8.03,7.56,4.76999,6.029988,30.2,34.1
2011-08-28 16:15:00,8.02,7.53,4.81999,6.029988,26.9,34.8
2011-08-28 16:30:00,8.01,7.52,4.85999,6.029988,25.9,34.9
2011-08-28 16:45:00,7.99,7.55,4.86999,6.029988,26.6,39.1
2011-08-28 17:00:00,7.96,7.54,4.87999,6.029988,40.0,38.7
2011-08-28 17:15:00,7.95,7.53,4.87999,6.029988,46.6,35.3
2011-08-28 17:30:00,7.93,7.49,4.88999,6.029988,48.6,39.4
2011-08-28 17:45:00,7.94,7.51,4.88999,6.029988,51.3,38.5
2011-08-28 18:00:00,7.94,7.55,4.88999,6.029988,50.6,39.9
2011-08-28 18:15:00,7.93,7.6,4.88999,6.029988,48.9,45.7
2011-08-28 18:30:00,7.95,7.6,4.88999,6.029988,43.4,54.1
2011-08-28 18:45:00,7.98,7.66,4.88999,6.029988,43.8,56.1
2011-08-28 19:00:00,8.02,7.67,4.88999,6.029988,42.2,69.6
2011-08-28 19:15:00,8.09,7.74,4.88999,6.029988,47.1,68.7
2011-08-28 19:30:00,8.18,7.77,4.88999,6.029988,55.2,68.5
2011-08-28 19:45:00,8.25,7.77,4.88999,6.029988,60.0,74.9
2011-08-28 20:00:00,8.33,7.76,4.88999,6.029988,68.2,67.3
2011-08-28 20:15:00,8.41,7.76,4.88999,6.029988,76.6,72.5
2011-08-28 20:30:00,8.45,7.74,4.88999,6.029988,89.8,69.5
2011-08-28 20:45:00,8.49,7.71,4.88999,6.029988,97.5,62.0
2011-08-28 21:00:00,8.51,7.69,4.88999,6.029988,105.6,68.7
2011-08-28 21:15:00,8.54,7.66,4.88999,6.029988,111.8,59.3
2011-08-28 21:30:00,8.57,7.66,4.88999,6.029988,119.2,65.3
2011-08-28 21:45:00,8.6,7.53,4.88999,6.029988,137.2,69.0
2011-08-28 22:00:00,8.61,7.57,4.88999,6.029988,131.3,106.4
2011-08-28 22:15:00,8.63,7.51,4.89999,6.029988,138.4,76.4
2011-08-28 22:30:00,8.65,7.47,4.89999,6.029988,138.7,63.8
2011-08-28 22:45:00,8.67,7.34,4.89999,6.029988,137.2,69.7
2011-08-28 23:00:00,8.68,7.39,4.89999,6.029988,131.1,70.9
2011-08-28 23:15:00,8.71,7.49,4.89999,6.029988,138.1,67.4
2011-08-28 23:30:00,8.71,7.34,4.89999,6.029988,132.6,75.8
2011-08-28 23:45:00,8.76,7.36,4.89999,6.029988,136.0,90.2
2011-08-29 00:00:00,8.76,7.43,4.89999,6.029988,138.8,97.6
2011-08-29 00:15:00,8.77,7.59,4.89999,6.029988,139.7,101.0
2011-08-29 00:30:00,8.78,7.62,4.89999,6.029988,134.9,119.0
2011-08-29 00:45:00,8.81,7.55,4.89999,6.029988,146.5,118.9
2011-08-29 01:00:00,8.81,7.63,0.0,0.0,146.3,115.3
2011-08-29 01:15:00,8.85,7.63,0.0,0.0,155.8,115.6
2011-08-29 01:30:00,8.86,7.73,0.0,0.0,160.9,116.4
2011-08-29 01:45:00,8.89,7.74,0.0,0.0,161.5,124.7
2011-08-29 02:00:00,8.91,7.79,0.0,0.0,168.1,133.8
2011-08-29 02:15:00,8.91,7.74,0.0,0.0,175.3,143.9
2011-08-29 02:30:00,8.93,7.84,0.0,0.0,174.1,140.3
2011-08-29 02:45:00,8.95,7.79,0.0,0.0,183.3,138.6
2011-08-29 03:00:00,8.97,7.82,0.0,0.0,200.2,131.6
2011-08-29 03:15:00,8.99,7.73,0.0,0.0,215.0,130.7
2011-08-29 03:30:00,9.01,7.89,0.0,0.0,229.4,132.5
2011-08-29 03:45:00,9.03,7.89,0.0,0.0,247.8,148.9
2011-08-29 04:00:00,9.04,7.87,0.0,0.0,260.8,140.9
2011-08-29 04:15:00,9.06,7.91,0.0,0.0,287.6,150.9
2011-08-29 04:30:00,9.08,7.87,0.0,0.0,296.5,147.2
2011-08-29 04:45:00,9.1,7.91,0.0,0.0,319.5,147.0
2011-08-29 05:00:00,9.11,7.91,0.0,0.0,320.7,157.2
2011-08-29 05:15:00,9.14,7.94,0.0,0.0,332.7,149.9
2011-08-29 05:30:00,9.16,7.96,0.0,0.0,340.4,143.3
2011-08-29 05:45:00,9.18,7.97,0.0,0.0,345.9,156.5
2011-08-29 06:00:00,9.21,8.03,0.0,0.0,354.0,156.9
2011-08-29 06:15:00,9.22,7.91,0.0,0.0,407.4,160.7
2011-08-29 06:30:00,9.25,7.99,0.0,0.0,368.1,204.7
2011-08-29 06:45:00,9.27,8.01,0.0,0.0,379.1,178.7
2011-08-29 07:00:00,9.29,7.98,0.0,0.0,388.8,237.3
2011-08-29 07:15:00,9.32,7.97,0.0,0.0,394.8,237.7
2011-08-29 07:30:00,9.34,7.89,0.0,0.0,410.4,245.6
2011-08-29 07:45:00,9.37,7.94,0.0,0.0,419.1,247.0
2011-08-29 08:00:00,9.4,7.9,0.0,0.0,427.2,279.4
2011-08-29 08:15:00,9.42,7.8,0.0,0.0,438.1,270.8
2011-08-29 08:30:00,9.44,7.7,0.0,0.0,441.2,252.3
2011-08-29 08:45:00,9.44,7.74,0.0,0.0,459.6,296.1
2011-08-29 09:00:00,9.46,7.59,0.0,0.0,463.6,249.4
2011-08-29 09:15:00,9.47,7.67,0.0,0.0,473.2,279.9
2011-08-29 09:30:00,9.49,7.53,0.0,0.0,495.4,276.2
2011-08-29 09:45:00,9.5,7.83,0.0,0.0,522.7,295.0
2011-08-29 10:00:00,9.52,7.86,0.0,0.0,525.0,302.3
2011-08-29 10:15:00,9.52,7.76,0.0,0.0,548.9,281.8
2011-08-29 10:30:00,9.54,7.87,0.0,0.0,561.4,319.6
2011-08-29 10:45:00,9.55,7.85,0.0,0.0,568.6,335.3
2011-08-29 11:00:00,9.55,7.87,0.0,0.0,610.4,342.4
2011-08-29 11:15:00,9.58,7.84,0.0,0.0,668.2,275.0
2011-08-29 11:30:00,9.57,7.85,0.0,0.0,657.0,319.7
2011-08-29 11:45:00,9.57,7.88,0.0,0.0,691.2,315.6
2011-08-29 12:00:00,9.58,7.88,0.0,0.0,767.8,309.0
2011-08-29 12:15:00,9.57,7.86,0.0,0.0,702.2,299.6
2011-08-29 12:30:00,9.58,7.89,0.0,0.0,771.1,301.0
2011-08-29 12:45:00,9.59,7.85,0.0,0.0,798.0,313.6
2011-08-29 13:00:00,9.59,7.82,0.0,0.0,753.8,318.4
2011-08-29 13:15:00,9.59,7.73,0.0,0.0,924.0,432.3
2011-08-29 13:30:00,9.6,7.76,0.0,0.0,878.0,294.4
2011-08-29 13:45:00,9.6,7.76,0.0,0.0,1144.0,278.0
2011-08-29 14:00:00,9.6,7.79,0.0,0.0,992.0,289.4
2011-08-29 14:15:00,9.6,7.84,0.0,0.0,921.0,279.1
2011-08-29 14:30:00,9.62,7.79,0.0,0.0,1077.0,281.0
2011-08-29 14:45:00,9.62,7.8,0.0,0.0,1117.0,278.3
2011-08-29 15:00:00,9.63,7.86,0.0,0.0,1108.0,285.7
2011-08-29 15:15:00,9.64,7.89,0.0,0.0,1156.0,293.6
2011-08-29 15:30:00,9.64,7.87,0.0,0.0,1155.0,280.9
2011-08-29 15:45:00,9.65,7.85,0.0,0.0,1159.0,271.4
2011-08-29 16:00:00,9.66,7.81,0.0,0.0,1164.0,278.1
2011-08-29 16:15:00,9.67,7.78,0.0,0.0,1169.0,264.4
2011-08-29 16:30:00,9.67,7.78,0.0,0.0,1172.0,266.9
2011-08-29 16:45:00,9.68,7.76,0.0,0.0,1178.0,264.4
2011-08-29 17:00:00,9.68,7.64,0.0,0.0,1178.0,251.2
2011-08-29 17:15:00,9.7,7.61,0.0,0.0,1180.0,229.1
2011-08-29 17:30:00,9.7,7.66,0.0,0.0,1180.0,276.3
2011-08-29 17:45:00,9.7,7.69,0.0,0.0,1179.0,264.7
2011-08-29 18:00:00,9.71,7.67,0.0,0.0,1179.0,247.0
2011-08-29 18:15:00,9.72,7.57,0.0,0.0,1179.0,217.2
2011-08-29 18:30:00,9.73,7.63,0.0,0.0,1179.0,212.4
2011-08-29 18:45:00,9.72,7.63,0.0,0.0,1179.0,218.9
2011-08-29 19:00:00,9.73,7.66,0.0,0.0,1179.0,210.3
2011-08-29 19:15:00,9.73,7.51,0.0,0.0,1179.0,198.2
2011-08-29 19:30:00,9.75,7.51,0.0,0.0,1178.0,200.9
2011-08-29 19:45:00,9.75,7.47,0.0,0.0,1178.0,183.0
2011-08-29 20:00:00,9.74,7.41,0.0,0.0,1179.0,174.1
2011-08-29 20:15:00,9.75,7.41,0.0,0.0,1178.0,174.7
2011-08-29 20:30:00,9.75,6.94,0.0,0.0,1178.0,172.3
2011-08-29 20:45:00,9.77,7.22,0.0,0.0,1178.0,177.1
2011-08-29 21:00:00,9.77,7.41,0.0,0.0,1178.0,199.4
2011-08-29 21:15:00,9.77,7.33,0.0,0.0,1178.0,207.9
2011-08-29 21:30:00,9.79,7.29,0.0,0.0,1178.0,217.4
2011-08-29 21:45:00,9.78,7.27,0.0,0.0,1178.0,231.6
2011-08-29 22:00:00,9.79,7.14,0.0,0.0,1178.0,206.9
2011-08-29 22:15:00,9.8,7.31,0.0,0.0,1177.0,202.8
2011-08-29 22:30:00,9.81,7.34,0.0,0.0,1177.0,202.2
2011-08-29 22:45:00,9.81,7.31,0.0,0.0,1177.0,194.0
2011-08-29 23:00:00,9.81,7.3,0.0,0.0,1177.0,188.7
2011-08-29 23:15:00,9.82,7.27,0.0,0.0,1177.0,193.0
2011-08-29 23:30:00,9.83,7.3,0.0,0.0,1177.0,191.3
2011-08-29 23:45:00,9.84,7.19,0.0,0.0,1176.0,209.5
2011-08-30 00:00:00,9.84,7.33,0.0,0.0,1176.0,181.0
2011-08-30 00:15:00,9.84,7.37,0.0,0.0,1176.0,184.2
2011-08-30 00:30:00,9.86,7.24,0.0,0.0,1174.0,183.6
2011-08-30 00:45:00,9.87,7.33,0.0,0.0,1173.0,180.6
2011-08-30 01:00:00,9.86,7.36,0.0,0.0,1174.0,176.4
2011-08-30 01:15:00,9.87,7.15,0.0,0.0,1175.0,138.3
2011-08-30 01:30:00,9.87,7.22,0.0,0.0,1173.0,173.0
2011-08-30 01:45:00,9.88,6.99,0.0,0.0,1166.0,124.5
2011-08-30 02:00:00,9.87,7.17,0.0,0.0,1169.0,171.0
2011-08-30 02:15:00,9.88,7.25,0.0,0.0,1169.0,171.0
2011-08-30 02:30:00,9.88,7.29,0.0,0.0,1159.0,176.8
2011-08-30 02:45:00,9.89,7.25,0.0,0.0,1164.0,172.1
2011-08-30 03:00:00,9.89,7.35,0.0,0.0,1156.0,182.0
2011-08-30 03:15:00,9.88,7.38,0.0,0.0,1167.0,172.4
2011-08-30 03:30:00,9.89,7.4,0.0,0.0,1148.0,172.3
2011-08-30 03:45:00,9.89,7.38,0.0,0.0,1168.0,184.2
2011-08-30 04:00:00,9.9,7.51,0.0,0.0,1127.0,172.4
2011-08-30 04:15:00,9.9,7.46,0.0,0.0,1152.0,165.4
2011-08-30 04:30:00,9.9,7.42,0.0,0.0,1071.0,165.9
2011-08-30 04:45:00,9.9,7.52,0.0,0.0,1092.0,162.4
2011-08-30 05:00:00,9.89,7.49,0.0,0.0,1153.0,166.2
2011-08-30 05:15:00,9.89,7.45,0.0,0.0,1061.0,155.3
2011-08-30 05:30:00,9.9,7.17,0.0,0.0,1046.0,139.1
2011-08-30 05:45:00,9.89,7.02,0.0,0.0,1015.0,143.1
2011-08-30 06:00:00,9.88,7.21,0.0,0.0,1009.0,114.8
2011-08-30 06:15:00,9.88,7.48,0.0,0.0,1036.0,153.3
2011-08-30 06:30:00,9.87,7.31,0.0,0.0,1153.0,154.6
2011-08-30 06:45:00,9.86,7.23,0.0,0.0,988.0,143.4
2011-08-30 07:00:00,9.86,7.25,0.0,0.0,915.0,155.4
2011-08-30 07:15:00,9.85,7.37,0.0,0.0,1002.0,149.9
2011-08-30 07:30:00,9.86,7.25,0.0,0.0,1060.0,159.6
2011-08-30 07:45:00,9.85,7.26,0.0,0.0,959.0,164.6
2011-08-30 08:00:00,9.84,7.0,0.0,0.0,852.0,141.7
2011-08-30 08:15:00,9.83,7.18,0.0,0.0,1037.0,154.0
2011-08-30 08:30:00,9.84,7.24,0.0,0.0,893.0,149.3
2011-08-30 08:45:00,9.82,7.27,0.0,0.0,1041.0,167.3
2011-08-30 09:00:00,9.81,7.23,0.0,0.0,1042.0,167.6
2011-08-30 09:15:00,9.81,7.0,0.0,0.0,1162.0,184.2
2011-08-30 09:30:00,9.8,7.1,0.0,0.0,868.0,171.5
2011-08-30 09:45:00,9.78,7.19,0.0,0.0,937.0,168.5
2011-08-30 10:00:00,9.78,7.05,0.0,0.0,768.0,190.0
2011-08-30 10:15:00,9.78,7.0,0.0,0.0,836.0,167.4
2011-08-30 10:30:00,9.76,7.15,0.0,0.0,905.0,188.9
2011-08-30 10:45:00,9.76,7.28,0.0,0.0,813.0,181.4
2011-08-30 11:00:00,9.75,7.26,0.0,0.0,773.5,173.4
2011-08-30 11:15:00,9.73,7.26,0.0,0.0,859.0,163.0
2011-08-30 11:30:00,9.72,7.27,0.0,0.0,740.1,175.2
2011-08-30 11:45:00,9.72,7.31,0.0,0.0,746.7,169.8
2011-08-30 12:00:00,9.72,7.3,0.0,0.0,788.6,170.6
2011-08-30 12:15:00,9.74,7.28,0.0,0.0,759.5,183.2
2011-08-30 12:30:00,9.73,7.28,0.0,0.0,816.0,186.5
2011-08-30 12:45:00,9.71,7.33,0.0,0.0,829.0,178.5
2011-08-30 13:00:00,9.74,7.27,0.0,0.0,710.1,179.5
2011-08-30 13:15:00,9.74,7.24,0.0,0.0,712.1,164.6
2011-08-30 13:30:00,9.74,7.0,0.0,0.0,725.8,143.3
2011-08-30 13:45:00,9.7,7.3,0.0,0.0,739.0,157.7
2011-08-30 14:00:00,9.71,7.08,0.0,0.0,846.0,142.3
2011-08-30 14:15:00,9.71,7.23,0.0,0.0,698.5,150.6
2011-08-30 14:30:00,9.73,7.33,0.0,0.0,706.7,145.5
2011-08-30 14:45:00,9.72,6.8,0.0,0.0,679.1,108.7
2011-08-30 15:00:00,9.72,7.03,0.0,0.0,615.4,144.8
2011-08-30 15:15:00,9.7,7.23,0.0,0.0,777.5,137.0
2011-08-30 15:30:00,9.71,7.18,0.0,0.0,615.2,140.3
2011-08-30 15:45:00,9.71,7.13,0.0,0.0,949.0,144.6
2011-08-30 16:00:00,9.7,7.2,0.0,0.0,626.1,149.9
2011-08-30 16:15:00,9.7,7.34,0.0,0.0,608.3,167.1
2011-08-30 16:30:00,9.72,7.3,0.0,0.0,703.5,176.0
2011-08-30 16:45:00,9.72,7.33,0.0,0.0,612.7,165.2
2011-08-30 17:00:00,9.72,7.46,0.0,0.0,589.0,177.4
2011-08-30 17:15:00,9.71,7.32,0.0,0.0,539.8,181.5
2011-08-30 17:30:00,9.68,7.41,0.0,0.0,701.6,204.9
2011-08-30 17:45:00,9.69,7.41,0.0,0.0,587.7,200.1
2011-08-30 18:00:00,9.71,7.4,0.0,0.0,577.8,196.2
2011-08-30 18:15:00,9.69,7.47,0.0,0.0,625.2,228.3
2011-08-30 18:30:00,9.7,7.46,0.0,0.0,595.6,222.2
2011-08-30 18:45:00,9.7,7.42,0.0,0.0,545.6,212.1
2011-08-30 19:00:00,9.71,7.38,0.0,0.0,500.8,226.2
2011-08-30 19:15:00,9.69,7.3,0.0,0.0,605.8,266.4
2011-08-30 19:30:00,9.68,7.31,0.0,0.0,539.9,227.0
2011-08-30 19:45:00,9.68,7.32,0.0,0.0,558.1,215.8
2011-08-30 20:00:00,9.67,7.27,0.0,0.0,584.9,246.5
2011-08-30 20:15:00,9.67,7.33,0.0,0.0,511.2,229.7
2011-08-30 20:30:00,9.65,7.09,0.0,0.0,517.2,192.5
2011-08-30 20:45:00,9.64,7.19,0.0,0.0,557.9,201.2
2011-08-30 21:00:00,9.65,6.83,0.0,0.0,518.1,166.3
2011-08-30 21:15:00,9.64,7.28,0.0,0.0,515.3,224.5
2011-08-30 21:30:00,9.67,7.42,0.0,0.0,501.5,228.0
2011-08-30 21:45:00,9.6,6.96,0.0,0.0,515.7,208.0
2011-08-30 22:00:00,9.63,6.97,0.0,0.0,464.0,216.9
2011-08-30 22:15:00,9.62,7.43,0.0,0.0,577.9,324.6
2011-08-30 22:30:00,9.61,7.53,0.0,0.0,490.4,280.9
2011-08-30 22:45:00,9.6,7.55,0.0,0.0,455.9,235.3
2011-08-30 23:00:00,9.58,7.49,0.0,0.0,529.1,217.4
2011-08-30 23:15:00,9.61,7.38,0.0,0.0,506.4,234.3
2011-08-30 23:30:00,9.59,7.5,0.0,0.0,482.2,265.5
2011-08-30 23:45:00,9.61,7.35,0.0,0.0,417.4,264.5
2011-08-31 00:00:00,9.62,7.38,0.0,0.0,467.3,270.5
2011-08-31 00:15:00,9.6,7.42,0.0,0.0,456.0,262.5
2011-08-31 00:30:00,9.58,7.4,0.0,0.0,545.2,253.3
2011-08-31 00:45:00,9.58,7.49,0.0,0.0,580.5,261.0
2011-08-31 01:00:00,9.61,7.51,0.0,0.0,434.7,281.7
2011-08-31 01:15:00,9.58,7.49,0.0,0.0,446.3,271.0
2011-08-31 01:30:00,9.56,7.44,0.0,0.0,559.6,248.4
2011-08-31 01:45:00,9.58,7.4,0.0,0.0,482.2,278.9
2011-08-31 02:00:00,9.58,7.47,0.0,0.0,448.7,250.7
2011-08-31 02:15:00,9.55,7.37,0.0,0.0,420.1,276.8
2011-08-31 02:30:00,9.56,7.42,0.0,0.0,445.5,248.9
2011-08-31 02:45:00,9.55,7.41,0.0,0.0,406.2,254.7
2011-08-31 03:00:00,9.52,7.31,0.0,0.0,478.7,234.0
2011-08-31 03:15:00,9.58,7.07,0.0,0.0,412.0,225.2
2011-08-31 03:30:00,9.51,7.22,0.0,0.0,414.9,229.9
2011-08-31 03:45:00,9.57,7.38,0.0,0.0,394.4,238.7
2011-08-31 04:00:00,9.61,7.43,0.0,0.0,300.8,242.3
2011-08-31 04:15:00,9.58,7.37,0.0,0.0,428.5,237.7
2011-08-31 04:30:00,9.57,7.39,0.0,0.0,424.1,237.9
2011-08-31 04:45:00,9.61,7.4,0.0,0.0,337.9,241.8
2011-08-31 05:00:00,9.62,7.43,0.0,0.0,278.8,233.8
2011-08-31 05:15:00,9.6,7.42,0.0,0.0,342.7,251.2
2011-08-31 05:30:00,9.59,7.21,0.0,0.0,348.5,234.1
2011-08-31 05:45:00,9.59,7.35,0.0,0.0,355.0,246.0
2011-08-31 06:00:00,9.59,7.31,0.0,0.0,347.2,261.9
2011-08-31 06:15:00,9.59,7.29,0.0,0.0,338.4,304.3
2011-08-31 06:30:00,9.59,7.25,0.0,0.0,384.3,293.7
2011-08-31 06:45:00,9.6,7.27,0.0,0.0,346.2,325.4
2011-08-31 07:00:00,9.6,7.24,0.0,0.0,315.9,332.0
2011-08-31 07:15:00,9.58,7.22,0.0,0.0,324.3,320.6
2011-08-31 07:30:00,9.59,7.19,0.0,0.0,317.1,341.4
2011-08-31 07:45:00,9.58,7.21,0.0,0.0,307.9,351.9
2011-08-31 08:00:00,9.61,7.18,0.0,0.0,382.9,314.0
2011-08-31 08:15:00,9.63,7.19,0.0,0.0,356.9,382.8
2011-08-31 08:30:00,9.63,7.1,0.0,0.0,349.9,311.5
2011-08-31 08:45:00,9.64,6.93,0.0,0.0,334.4,325.1
2011-08-31 09:00:00,9.65,6.93,0.0,0.0,326.5,299.5
2011-08-31 09:15:00,9.65,7.19,0.0,0.0,347.4,351.2
2011-08-31 09:30:00,9.67,6.93,0.0,0.0,326.2,259.9
2011-08-31 09:45:00,9.67,7.12,0.0,0.0,305.9,292.9
2011-08-31 10:00:00,9.68,6.95,0.0,0.0,313.4,280.8
2011-08-31 10:15:00,9.71,6.7,0.0,0.0,331.5,229.9
2011-08-31 10:30:00,9.7,7.29,0.0,0.0,409.4,313.3
2011-08-31 10:45:00,9.71,7.42,0.0,0.0,318.6,313.1
2011-08-31 11:00:00,9.7,7.47,0.0,0.0,315.2,304.6
2011-08-31 11:15:00,9.7,7.37,0.0,0.0,314.9,289.9
2011-08-31 11:30:00,9.71,7.35,0.0,0.0,340.8,317.3
2011-08-31 11:45:00,9.72,7.39,0.0,0.0,328.3,325.5
2011-08-31 12:00:00,9.69,7.28,0.0,0.0,339.2,326.6
2011-08-31 12:15:00,9.72,7.4,0.0,0.0,402.4,359.0
2011-08-31 12:30:00,9.72,7.42,0.0,0.0,350.6,352.2
2011-08-31 12:45:00,9.71,7.47,0.0,0.0,333.5,344.7
2011-08-31 13:00:00,9.68,7.47,0.0,0.0,332.2,359.1
2011-08-31 13:15:00,9.68,7.41,0.0,0.0,321.4,346.8
2011-08-31 13:30:00,9.69,7.46,0.0,0.0,305.7,345.9
2011-08-31 13:45:00,9.67,7.4,0.0,0.0,320.2,333.6
2011-08-31 14:00:00,9.65,7.45,0.0,0.0,307.2,342.0
2011-08-31 14:15:00,9.66,7.47,0.0,0.0,285.2,337.7
2011-08-31 14:30:00,9.65,7.43,0.0,0.0,323.5,332.8
2011-08-31 14:45:00,9.64,7.41,0.0,0.0,328.2,320.4
2011-08-31 15:00:00,9.63,7.38,0.0,0.0,315.0,299.1
2011-08-31 15:15:00,9.63,7.11,0.0,0.0,285.9,261.5
2011-08-31 15:30:00,9.59,7.07,0.0,0.0,301.6,291.5
2011-08-31 15:45:00,9.44,6.98,0.0,0.0,297.3,284.0
2011-08-31 16:00:00,9.57,7.14,0.0,0.0,293.1,271.1
2011-08-31 16:15:00,9.67,7.27,0.0,0.0,278.2,280.8
2011-08-31 16:30:00,9.68,7.17,0.0,0.0,287.9,264.4
2011-08-31 16:45:00,9.69,7.12,0.0,0.0,234.3,256.3
2011-08-31 17:00:00,9.66,7.21,0.0,0.0,262.8,291.6
2011-08-31 17:15:00,9.63,7.26,0.0,0.0,228.0,286.6
2011-08-31 17:30:00,9.62,7.2,0.0,0.0,241.4,290.4
2011-08-31 17:45:00,9.64,7.29,0.0,0.0,206.1,303.3
2011-08-31 18:00:00,9.6,7.26,0.0,0.0,222.4,298.7
2011-08-31 18:15:00,9.58,7.25,0.0,0.0,259.6,313.5
2011-08-31 18:30:00,9.56,7.29,0.0,0.0,234.6,327.2
2011-08-31 18:45:00,9.56,7.31,0.0,0.0,235.7,318.1
2011-08-31 19:00:00,9.54,7.34,0.0,0.0,274.0,322.2
2011-08-31 19:15:00,9.54,7.33,0.0,0.0,234.5,328.6
2011-08-31 19:30:00,9.53,7.32,0.0,0.0,227.6,350.0
2011-08-31 19:45:00,9.5,7.3,0.0,0.0,222.1,338.9
2011-08-31 20:00:00,9.5,7.32,0.0,0.0,246.5,332.3
2011-08-31 20:15:00,9.49,7.27,0.0,0.0,206.6,344.7
2011-08-31 20:30:00,9.49,7.25,0.0,0.0,231.7,351.1
2011-08-31 20:45:00,9.48,7.18,0.0,0.0,206.2,344.2
2011-08-31 21:00:00,9.46,6.94,0.0,0.0,212.9,327.3
2011-08-31 21:15:00,9.46,7.18,0.0,0.0,215.1,355.1
2011-08-31 21:30:00,9.43,7.13,0.0,0.0,213.9,300.9
2011-08-31 21:45:00,9.43,6.97,0.0,0.0,214.5,289.9
2011-08-31 22:00:00,9.43,7.18,0.0,0.0,223.1,346.1
2011-08-31 22:15:00,9.42,6.9,0.0,0.0,229.8,295.8
2011-08-31 22:30:00,9.39,7.35,0.0,0.0,225.4,332.1
2011-08-31 22:45:00,9.4,7.24,0.0,0.0,237.8,318.0
2011-08-31 23:00:00,9.39,7.02,0.0,0.0,239.6,312.9
2011-08-31 23:15:00,9.41,7.41,0.0,0.0,237.8,325.5
2011-08-31 23:30:00,9.43,7.34,0.0,0.0,242.2,320.6
2011-08-31 23:45:00,9.42,7.34,0.0,0.0,243.3,311.5
2011-09-01 00:00:00,9.41,7.24,0.0,0.0,229.4,309.6
2011-09-01 00:15:00,9.41,7.36,0.0,0.0,234.5,327.1
2011-09-01 00:30:00,9.44,7.28,0.0,0.0,231.1,327.3
2011-09-01 00:45:00,9.45,7.27,0.0,0.0,261.4,339.0
2011-09-01 01:00:00,9.45,7.22,0.0,0.0,258.4,330.3
2011-09-01 01:15:00,9.43,7.26,0.0,0.0,238.2,322.0
2011-09-01 01:30:00,9.42,7.27,0.0,0.0,243.3,331.9
2011-09-01 01:45:00,9.39,7.25,0.0,0.0,234.5,328.0
2011-09-01 02:00:00,9.38,7.27,0.0,0.0,272.3,336.1
2011-09-01 02:15:00,9.4,7.34,0.0,0.0,255.0,335.1
2011-09-01 02:30:00,9.4,7.3,0.0,0.0,261.2,332.3
2011-09-01 02:45:00,9.36,7.26,0.0,0.0,258.0,326.7
2011-09-01 03:00:00,9.38,7.26,0.0,0.0,223.0,314.9
2011-09-01 03:15:00,9.39,7.25,0.0,0.0,217.6,297.6
2011-09-01 03:30:00,9.41,7.2,0.0,0.0,230.4,285.2
2011-09-01 03:45:00,9.26,7.18,0.0,0.0,213.4,284.2
2011-09-01 04:00:00,9.49,7.11,0.0,0.0,185.0,280.3
2011-09-01 04:15:00,9.39,6.66,0.0,0.0,198.2,192.4
2011-09-01 04:30:00,9.38,7.08,0.0,0.0,207.0,263.3
2011-09-01 04:45:00,9.37,7.13,0.0,0.0,232.1,249.6
2011-09-01 05:00:00,9.37,7.13,0.0,0.0,235.7,264.4
2011-09-01 05:15:00,9.35,7.18,0.0,0.0,194.4,269.4
2011-09-01 05:30:00,9.41,7.25,0.0,0.0,191.1,279.0
2011-09-01 05:45:00,9.41,7.23,0.0,0.0,176.2,256.5
2011-09-01 06:00:00,9.39,7.18,0.0,0.0,186.1,262.9
2011-09-01 06:15:00,9.4,7.19,0.0,0.0,165.1,268.7
2011-09-01 06:30:00,9.41,7.17,0.0,0.0,160.5,267.8
2011-09-01 06:45:00,9.41,7.27,0.0,0.0,176.7,278.7
2011-09-01 07:00:00,9.38,7.23,0.0,0.0,174.4,283.9
2011-09-01 07:15:00,9.38,7.27,0.0,0.0,176.7,298.1
2011-09-01 07:30:00,9.36,7.24,0.0,0.0,210.0,314.3
2011-09-01 07:45:00,9.36,7.24,0.0,0.0,172.0,303.7
2011-09-01 08:00:00,9.37,7.2,0.0,0.0,168.2,303.4
2011-09-01 08:15:00,9.37,7.17,0.0,0.0,170.1,299.7
2011-09-01 08:30:00,9.36,7.22,0.0,0.0,177.0,316.6
2011-09-01 08:45:00,9.35,7.16,0.0,0.0,216.7,294.4
2011-09-01 09:00:00,9.33,7.2,0.0,0.0,166.2,296.6
2011-09-01 09:15:00,9.35,7.03,0.0,0.0,162.4,278.2
2011-09-01 09:30:00,9.33,7.11,0.0,0.0,159.8,294.4
2011-09-01 09:45:00,9.34,7.06,0.0,0.0,160.5,290.3
2011-09-01 10:00:00,9.33,7.03,0.0,0.0,153.3,274.0
2011-09-01 10:15:00,9.32,7.14,0.0,0.0,176.2,268.2
2011-09-01 10:30:00,9.28,7.1,0.0,0.0,160.9,248.2
2011-09-01 10:45:00,9.28,7.04,0.0,0.0,151.7,231.3
2011-09-01 11:00:00,9.33,7.3,0.0,0.0,176.2,286.6
2011-09-01 11:15:00,9.31,7.33,0.0,0.0,162.2,266.0
2011-09-01 11:30:00,9.28,7.45,0.0,0.0,157.3,255.7
2011-09-01 11:45:00,9.31,7.15,0.0,0.0,162.9,246.9
2011-09-01 12:00:00,9.31,7.11,0.0,0.0,162.3,237.0
2011-09-01 12:15:00,9.33,7.21,0.0,0.0,182.8,247.2
2011-09-01 12:30:00,9.36,7.18,0.0,0.0,180.6,253.0
2011-09-01 12:45:00,9.34,7.25,0.0,0.0,171.0,260.3
2011-09-01 13:00:00,9.31,7.17,0.0,0.0,173.8,263.8
2011-09-01 13:15:00,9.32,7.19,0.0,0.0,214.5,327.3
2011-09-01 13:30:00,9.37,7.19,0.0,0.0,183.4,350.7
2011-09-01 13:45:00,9.39,7.25,0.0,0.0,207.4,327.6
2011-09-01 14:00:00,9.4,7.27,0.0,0.0,185.0,335.5
2011-09-01 14:15:00,9.39,7.19,0.0,0.0,177.0,326.7
2011-09-01 14:30:00,9.37,7.23,0.0,0.0,193.1,338.5
2011-09-01 14:45:00,9.37,7.19,0.0,0.0,153.2,328.4
2011-09-01 15:00:00,9.39,7.12,0.0,0.0,207.1,311.0
2011-09-01 15:15:00,9.42,7.22,0.0,0.0,177.4,313.4
2011-09-01 15:30:00,9.43,7.21,0.0,0.0,173.8,329.8
2011-09-01 15:45:00,9.39,7.19,0.0,0.0,176.7,329.5
2011-09-01 16:00:00,9.42,7.16,0.0,0.0,176.9,316.8
2011-09-01 16:15:00,9.48,7.11,0.0,0.0,152.7,309.2
2011-09-01 16:30:00,9.45,6.3,0.0,0.0,147.9,232.7
2011-09-01 16:45:00,9.39,7.02,0.0,0.0,186.3,277.2
2011-09-01 17:00:00,9.36,7.08,0.0,0.0,178.2,268.1
2011-09-01 17:15:00,9.39,7.06,0.0,0.0,181.1,286.6
2011-09-01 17:30:00,9.39,7.0,0.0,0.0,148.2,283.2
2011-09-01 17:45:00,9.39,7.12,0.0,0.0,162.8,288.7
2011-09-01 18:00:00,9.39,6.96,0.0,0.0,143.5,273.1
2011-09-01 18:15:00,9.38,7.04,0.0,0.0,148.3,270.1
2011-09-01 18:30:00,9.35,7.13,0.0,0.0,151.3,275.2
2011-09-01 18:45:00,9.26,7.11,0.0,0.0,160.6,292.3
2011-09-01 19:00:00,9.35,7.13,0.0,0.0,130.1,297.4
2011-09-01 19:15:00,9.34,7.06,0.0,0.0,138.9,304.6
2011-09-01 19:30:00,9.38,7.1,0.0,0.0,124.7,326.1
2011-09-01 19:45:00,9.35,7.15,0.0,0.0,134.6,339.2
2011-09-01 20:00:00,9.35,7.12,0.0,0.0,129.1,343.0
2011-09-01 20:15:00,9.34,7.16,0.01,0.0,132.1,367.1
2011-09-01 20:30:00,9.34,7.11,0.01,0.0,142.7,343.2
2011-09-01 20:45:00,9.33,7.03,0.01,0.0,145.1,319.3
2011-09-01 21:00:00,9.34,7.09,0.01,0.0,143.2,305.3
2011-09-01 21:15:00,9.33,7.03,0.01,0.0,139.4,314.6
2011-09-01 21:30:00,9.31,6.97,0.01,0.0,137.6,301.8
2011-09-01 21:45:00,9.32,7.01,0.01,0.0,132.9,307.4
2011-09-01 22:00:00,9.3,6.59,0.01,0.0,125.9,237.0
2011-09-01 22:15:00,9.28,6.7,0.01,0.0,121.4,277.1
2011-09-01 22:30:00,9.31,6.98,0.01,0.0,122.6,296.6
2011-09-01 22:45:00,9.29,6.75,0.01,0.0,129.2,248.3
2011-09-01 23:00:00,9.3,7.0,0.01,0.0,120.9,321.4
2011-09-01 23:15:00,9.29,6.86,0.01,0.0,124.2,291.5
2011-09-01 23:30:00,9.27,7.13,0.01,0.0,127.6,297.3
2011-09-01 23:45:00,9.27,7.28,0.01,0.0,133.0,283.5
2011-09-02 00:00:00,9.24,7.24,0.01,0.0,125.8,275.9
2011-09-02 00:15:00,9.22,7.23,0.01,0.0,115.6,272.1
2011-09-02 00:30:00,9.24,6.72,0.01,0.0,124.2,254.9
2011-09-02 00:45:00,9.22,6.9,0.01,0.0,135.4,269.4
2011-09-02 01:00:00,9.2,7.06,0.0,0.0,125.7,276.9
2011-09-02 01:15:00,9.2,7.05,0.0,0.0,137.5,284.4
2011-09-02 01:30:00,9.19,7.07,0.0,0.0,136.9,290.2
2011-09-02 01:45:00,9.17,7.03,0.0,0.0,139.3,280.4
2011-09-02 02:00:00,9.17,7.32,0.0,0.0,131.1,288.0
2011-09-02 02:15:00,9.16,7.13,0.0,0.0,135.6,294.1
2011-09-02 02:30:00,9.17,7.24,0.0,0.0,142.1,293.2
2011-09-02 02:45:00,9.17,7.33,0.0,0.0,143.3,291.8
2011-09-02 03:00:00,9.17,7.19,0.0,0.0,139.1,302.4
2011-09-02 03:15:00,9.19,7.27,0.0,0.0,141.7,286.7
2011-09-02 03:30:00,9.19,7.21,0.0,0.0,151.0,289.0
2011-09-02 03:45:00,9.24,7.17,0.0,0.0,133.9,277.1
2011-09-02 04:00:00,9.24,7.17,0.0,0.0,130.6,287.7
2011-09-02 04:15:00,9.18,7.14,0.0,0.0,133.5,281.9
2011-09-02 04:30:00,9.23,7.13,0.0,0.0,123.2,257.2
2011-09-02 04:45:00,9.2,6.88,0.0,0.0,125.5,230.9
2011-09-02 05:00:00,9.13,6.3,0.0,0.0,115.9,208.0
2011-09-02 05:15:00,9.1,6.91,0.0,0.0,145.3,256.5
2011-09-02 05:30:00,9.03,7.06,0.0,0.0,114.6,256.8
2011-09-02 05:45:00,9.12,7.11,0.0,0.0,144.6,260.2
2011-09-02 06:00:00,9.09,7.07,0.0,0.0,133.5,252.8
2011-09-02 06:15:00,9.14,7.16,0.0,0.0,128.0,268.1
2011-09-02 06:30:00,9.16,7.07,0.0,0.0,127.7,245.7
2011-09-02 06:45:00,9.11,7.14,0.0,0.0,117.9,260.5
2011-09-02 07:00:00,9.17,7.07,0.0,0.0,120.0,257.0
2011-09-02 07:15:00,9.2,7.09,0.0,0.0,108.2,253.2
2011-09-02 07:30:00,9.23,7.16,0.0,0.0,125.8,269.8
2011-09-02 07:45:00,9.17,7.06,0.0,0.0,112.2,255.2
2011-09-02 08:00:00,9.18,7.12,0.0,0.0,115.0,266.6
2011-09-02 08:15:00,9.18,7.12,0.0,0.0,118.0,264.9
2011-09-02 08:30:00,9.21,7.16,0.0,0.0,128.9,281.0
2011-09-02 08:45:00,9.19,7.07,0.0,0.0,135.5,256.0
2011-09-02 09:00:00,9.2,7.12,0.0,0.0,127.0,291.1
2011-09-02 09:15:00,9.18,7.07,0.0,0.0,126.6,261.6
2011-09-02 09:30:00,9.23,7.09,0.0,0.0,117.5,263.1
2011-09-02 09:45:00,9.14,6.87,0.0,0.0,110.5,254.0
2011-09-02 10:00:00,9.21,6.9,0.0,0.0,118.5,239.0
2011-09-02 10:15:00,9.16,7.08,0.0,0.0,106.3,334.7
2011-09-02 10:30:00,9.2,6.96,0.0,0.0,111.2,253.9
2011-09-02 10:45:00,9.18,7.07,0.0,0.0,106.5,242.4
2011-09-02 11:00:00,9.16,6.97,0.0,0.0,112.3,230.8
2011-09-02 11:15:00,9.16,6.96,0.0,0.0,108.6,230.2
2011-09-02 11:30:00,9.13,7.04,0.0,0.0,99.9,231.3
2011-09-02 11:45:00,9.08,7.06,0.0,0.0,91.1,251.7
2011-09-02 12:00:00,9.12,7.07,0.0,0.0,92.5,232.4
2011-09-02 12:15:00,9.09,6.33,0.0,0.0,110.0,201.9
2011-09-02 12:30:00,9.1,6.93,0.0,0.0,101.4,213.9
2011-09-02 12:45:00,9.05,6.88,0.0,0.0,88.3,229.3
2011-09-02 13:00:00,9.08,7.07,0.0,0.0,99.6,233.7
2011-09-02 13:15:00,9.07,6.96,0.0,0.0,96.2,249.8
2011-09-02 13:30:00,9.04,7.08,0.0,0.0,101.9,255.5
2011-09-02 13:45:00,9.05,7.08,0.0,0.0,96.3,250.0
2011-09-02 14:00:00,9.0,7.17,0.0,0.0,87.8,255.3
2011-09-02 14:15:00,8.97,7.17,0.0,0.0,84.1,256.2
2011-09-02 14:30:00,9.05,7.16,0.0,0.0,96.2,257.0
2011-09-02 14:45:00,9.07,7.13,0.0,0.0,104.4,247.1
2011-09-02 15:00:00,9.05,7.1,0.0,0.0,90.2,249.9
2011-09-02 15:15:00,9.08,7.12,0.0,0.0,98.5,240.7
2011-09-02 15:30:00,9.03,7.14,0.0,0.0,90.7,229.9
2011-09-02 15:45:00,9.06,7.15,0.0,0.0,84.5,224.9
2011-09-02 16:00:00,9.05,7.06,0.0,0.0,84.7,220.0
2011-09-02 16:15:00,9.05,7.14,0.0,0.0,82.4,216.1
2011-09-02 16:30:00,9.04,7.07,0.0,0.0,83.2,205.8
2011-09-02 16:45:00,9.03,7.06,0.0,0.0,80.4,204.7
2011-09-02 17:00:00,9.05,7.04,0.0,0.0,80.8,194.1
2011-09-02 17:15:00,9.0,6.98,0.0,0.0,75.1,211.9
2011-09-02 17:30:00,9.08,6.9,0.0,0.0,91.1,180.2
2011-09-02 17:45:00,9.02,6.91,0.0,0.0,91.5,179.7
2011-09-02 18:00:00,9.02,7.08,0.0,0.0,96.7,195.6
2011-09-02 18:15:00,9.11,6.98,0.0,0.0,85.2,197.9
2011-09-02 18:30:00,9.01,7.05,0.0,0.0,84.8,190.6
2011-09-02 18:45:00,9.11,7.05,0.0,0.0,90.1,192.5
2011-09-02 19:00:00,9.06,7.1,0.0,0.0,87.7,200.3
2011-09-02 19:15:00,9.07,7.15,0.0,0.0,86.4,204.1
2011-09-02 19:30:00,8.94,7.07,0.0,0.0,75.1,203.4
2011-09-02 19:45:00,9.05,7.02,0.0,0.0,89.3,207.3
2011-09-02 20:00:00,9.05,7.04,0.0,0.0,69.5,206.9
2011-09-02 20:15:00,8.98,7.06,0.0,0.0,82.7,217.5
2011-09-02 20:30:00,9.04,7.04,0.0,0.0,88.1,231.4
2011-09-02 20:45:00,9.04,7.06,0.0,0.0,78.3,234.3
2011-09-02 21:00:00,9.1,7.0,0.0,0.0,92.9,222.4
2011-09-02 21:15:00,9.11,6.9,0.0,0.0,86.8,216.9
2011-09-02 21:30:00,9.06,7.05,0.0,0.0,84.3,216.2
2011-09-02 21:45:00,9.09,7.01,0.0,0.0,84.8,218.5
2011-09-02 22:00:00,9.1,7.03,0.0,0.0,73.0,218.3
2011-09-02 22:15:00,9.07,6.94,0.0,0.0,79.8,222.4
2011-09-02 22:30:00,9.13,6.96,0.0,0.0,88.8,218.0
2011-09-02 22:45:00,9.06,6.91,0.0,0.0,90.4,208.2
2011-09-02 23:00:00,9.09,6.85,0.0,0.0,81.8,192.6
2011-09-02 23:15:00,9.09,6.77,0.0,0.0,83.1,190.8
2011-09-02 23:30:00,9.08,6.38,0.0,0.0,84.5,143.9
2011-09-02 23:45:00,9.08,6.39,0.0,0.0,90.1,176.9
2011-09-03 00:00:00,9.01,6.87,0.0,0.0,86.6,195.7
2011-09-03 00:15:00,9.11,6.79,0.0,0.0,83.8,228.6
2011-09-03 00:30:00,9.02,6.75,0.0,0.0,82.4,196.7
2011-09-03 00:45:00,8.99,6.74,0.0,0.0,79.0,201.5
2011-09-03 01:00:00,9.04,7.01,0.0,0.0,74.2,194.2
2011-09-03 01:15:00,9.05,6.99,0.0,0.0,74.1,199.3
2011-09-03 01:30:00,9.02,6.87,0.0,0.0,78.9,187.6
2011-09-03 01:45:00,8.99,6.86,0.0,0.0,69.3,176.7
2011-09-03 02:00:00,9.0,6.82,0.0,0.0,77.9,174.5
2011-09-03 02:15:00,8.96,7.18,0.0,0.0,70.4,230.2
2011-09-03 02:30:00,8.96,7.02,0.0,0.0,62.7,245.1
2011-09-03 02:45:00,8.97,6.91,0.0,0.0,65.2,251.2
2011-09-03 03:00:00,8.97,7.09,0.0,0.0,68.4,262.8
2011-09-03 03:15:00,8.94,7.07,0.0,0.0,64.1,256.1
2011-09-03 03:30:00,8.95,7.25,0.0,0.0,73.5,252.4
2011-09-03 03:45:00,8.87,7.23,0.0,0.0,62.0,250.7
2011-09-03 04:00:00,8.96,7.18,0.0,0.0,76.6,255.0
2011-09-03 04:15:00,8.94,7.16,0.0,0.0,69.6,258.3
2011-09-03 04:30:00,8.99,7.1,0.0,0.0,76.9,257.3
2011-09-03 04:45:00,8.97,7.09,0.0,0.0,81.1,254.4
2011-09-03 05:00:00,8.94,7.04,0.0,0.0,65.1,244.2
2011-09-03 05:15:00,9.01,7.1,0.0,0.0,64.2,260.1
2011-09-03 05:30:00,9.01,7.03,0.0,0.0,63.2,239.3
2011-09-03 05:45:00,8.97,6.96,0.0,0.0,62.8,236.1
2011-09-03 06:00:00,9.03,6.68,0.0,0.0,59.5,207.5
2011-09-03 06:15:00,8.88,6.27,0.0,0.0,67.9,202.5
2011-09-03 06:30:00,8.94,6.97,0.0,0.0,70.2,243.4
2011-09-03 06:45:00,8.95,7.06,0.0,0.0,65.4,247.0
2011-09-03 07:00:00,9.0,7.02,0.0,0.0,64.5,256.0
2011-09-03 07:15:00,8.95,6.97,0.0,0.0,67.1,238.3
2011-09-03 07:30:00,8.91,6.98,0.0,0.0,60.7,243.1
2011-09-03 07:45:00,8.91,6.99,0.0,0.0,65.7,238.6
2011-09-03 08:00:00,8.86,6.97,0.0,0.0,60.1,223.1
2011-09-03 08:15:00,8.89,7.04,0.0,0.0,61.7,239.0
2011-09-03 08:30:00,8.9,7.07,0.0,0.0,63.2,247.0
2011-09-03 08:45:00,8.96,7.07,0.0,0.0,65.9,247.2
2011-09-03 09:00:00,8.91,7.03,0.0,0.0,61.5,245.6
2011-09-03 09:15:00,9.01,7.03,0.0,0.0,71.4,238.7
2011-09-03 09:30:00,8.99,7.05,0.0,0.0,69.4,235.0
2011-09-03 09:45:00,8.94,7.03,0.0,0.0,71.8,234.3
2011-09-03 10:00:00,8.95,7.01,0.0,0.0,66.0,228.2
2011-09-03 10:15:00,8.97,7.07,0.0,0.0,79.0,237.0
2011-09-03 10:30:00,8.96,7.05,0.0,0.0,82.4,236.0
2011-09-03 10:45:00,8.92,7.05,0.0,0.0,79.6,239.9
2011-09-03 11:00:00,8.9,7.0,0.0,0.0,79.7,210.0
2011-09-03 11:15:00,8.97,7.0,0.0,0.0,81.8,232.6
2011-09-03 11:30:00,8.95,6.94,0.0,0.0,71.1,226.6
2011-09-03 11:45:00,8.96,6.9,0.0,0.0,78.5,207.9
2011-09-03 12:00:00,8.94,6.82,0.0,0.0,66.5,196.9
2011-09-03 12:15:00,8.95,6.96,0.0,0.0,73.5,226.6
2011-09-03 12:30:00,8.88,6.96,0.0,0.0,63.5,214.0
2011-09-03 12:45:00,8.93,6.89,0.0,0.0,75.0,213.9
2011-09-03 13:00:00,8.94,7.02,0.0,0.0,69.3,211.7
2011-09-03 13:15:00,8.9,7.17,0.0,0.0,61.8,210.3
2011-09-03 13:30:00,8.83,6.95,0.0,0.0,70.4,205.9
2011-09-03 13:45:00,8.86,7.07,0.0,0.0,72.5,211.8
2011-09-03 14:00:00,8.79,6.96,0.0,0.0,57.9,214.4
2011-09-03 14:15:00,8.79,6.83,0.0,0.0,66.1,210.5
2011-09-03 14:30:00,8.92,6.91,0.0,0.0,75.3,213.6
2011-09-03 14:45:00,8.93,6.77,0.0,0.0,85.6,208.3
2011-09-03 15:00:00,8.9,6.95,0.0,0.0,74.6,211.6
2011-09-03 15:15:00,8.89,6.93,0.0,0.0,79.0,216.4
2011-09-03 15:30:00,8.84,7.09,0.0,0.0,65.7,225.8
2011-09-03 15:45:00,8.8,7.05,0.0,0.0,81.8,219.9
2011-09-03 16:00:00,8.89,7.05,0.0,0.0,76.6,221.1
2011-09-03 16:15:00,8.95,7.07,0.0,0.0,65.0,221.3
2011-09-03 16:30:00,8.92,7.06,0.0,0.0,79.8,219.3
2011-09-03 16:45:00,8.91,6.99,0.0,0.0,65.4,225.7
2011-09-03 17:00:00,8.96,6.97,0.0,0.0,66.0,216.1
2011-09-03 17:15:00,8.96,7.07,0.0,0.0,63.9,235.0
2011-09-03 17:30:00,8.93,7.06,0.0,0.0,63.4,230.3
2011-09-03 17:45:00,9.02,6.98,0.0,0.0,76.4,219.0
2011-09-03 18:00:00,9.02,6.98,0.0,0.0,67.0,219.2
2011-09-03 18:15:00,8.99,6.81,0.0,0.0,61.4,182.6
2011-09-03 18:30:00,8.89,6.53,0.0,0.0,70.2,191.8
2011-09-03 18:45:00,8.95,6.95,0.0,0.0,71.2,195.1
2011-09-03 19:00:00,8.98,6.99,0.0,0.0,55.6,221.9
2011-09-03 19:15:00,8.98,7.04,0.0,0.0,66.0,215.5
2011-09-03 19:30:00,8.98,7.03,0.0,0.0,65.0,208.8
2011-09-03 19:45:00,9.01,7.06,0.0,0.0,60.8,214.6
2011-09-03 20:00:00,8.83,7.01,0.0,0.0,56.1,208.6
2011-09-03 20:15:00,8.9,7.06,0.0,0.0,62.3,212.4
2011-09-03 20:30:00,8.87,7.04,0.0,0.0,61.4,213.5
2011-09-03 20:45:00,8.9,7.03,0.0,0.0,55.7,208.6
2011-09-03 21:00:00,8.94,7.03,0.0,0.0,61.6,218.0
2011-09-03 21:15:00,8.94,6.99,0.0,0.0,61.8,226.4
2011-09-03 21:30:00,8.89,6.98,0.0,0.0,60.0,232.6
2011-09-03 21:45:00,8.95,6.9,0.0,0.0,63.4,206.9
2011-09-03 22:00:00,8.98,6.97,0.0,0.0,63.1,218.5
2011-09-03 22:15:00,8.91,6.96,0.0,0.0,56.9,221.6
2011-09-03 22:30:00,8.94,6.93,0.0,0.0,61.3,219.6
2011-09-03 22:45:00,8.88,6.96,0.0,0.0,67.1,221.2
2011-09-03 23:00:00,8.96,6.97,0.0,0.0,68.9,225.7
2011-09-03 23:15:00,8.94,6.95,0.0,0.0,66.4,222.5
2011-09-03 23:30:00,8.9,6.93,0.0,0.0,65.8,215.1
2011-09-03 23:45:00,8.98,6.83,0.0,0.0,69.7,198.0
2011-09-04 00:00:00,8.96,6.71,0.0,0.0,62.3,194.5
2011-09-04 00:15:00,8.93,6.73,0.0,0.0,70.6,191.4
2011-09-04 00:30:00,8.99,6.66,0.0,0.0,73.1,197.0
2011-09-04 00:45:00,8.93,6.75,0.0,0.0,61.9,174.1
2011-09-04 01:00:00,8.99,6.6,0.0,0.0,72.5,181.3
2011-09-04 01:15:00,8.96,6.73,0.0,0.0,67.0,182.9
2011-09-04 01:30:00,8.96,6.57,0.0,0.0,60.4,159.5
2011-09-04 01:45:00,8.92,6.87,0.0,0.0,68.1,201.0
2011-09-04 02:00:00,8.94,6.55,0.0,0.0,66.3,180.7
2011-09-04 02:15:00,8.95,6.87,0.0,0.0,64.0,179.8
2011-09-04 02:30:00,8.91,6.33,0.0,0.0,71.4,180.1
2011-09-04 02:45:00,8.93,6.45,0.0,0.0,74.4,174.3
2011-09-04 03:00:00,8.91,6.92,0.0,0.0,82.1,180.3
2011-09-04 03:15:00,8.88,6.6,0.0,0.0,70.0,177.6
2011-09-04 03:30:00,8.87,6.9,0.0,0.0,75.7,183.5
2011-09-04 03:45:00,8.88,6.8,0.0,0.0,82.2,191.2
2011-09-04 04:00:00,8.85,6.88,0.0,0.0,89.3,188.5
2011-09-04 04:15:00,8.82,6.83,0.0,0.0,75.7,178.9
2011-09-04 04:30:00,8.88,6.93,0.0,0.0,91.5,183.1
2011-09-04 04:45:00,8.83,7.05,0.0,0.0,79.8,184.6
2011-09-04 05:00:00,8.87,6.95,0.0,0.0,91.1,184.9
2011-09-04 05:15:00,8.88,6.96,0.0,0.0,83.3,181.8
2011-09-04 05:30:00,8.88,6.94,0.0,0.0,88.2,189.6
2011-09-04 05:45:00,8.89,7.0,0.0,0.0,92.4,186.4
2011-09-04 06:00:00,8.83,6.87,0.0,0.0,73.6,189.6
2011-09-04 06:15:00,8.92,6.93,0.0,0.0,76.2,190.1
2011-09-04 06:30:00,8.95,6.91,0.0,0.0,73.6,186.5
2011-09-04 06:45:00,8.92,6.61,0.0,0.0,74.6,153.9
2011-09-04 07:00:00,8.93,6.01,0.0,0.0,70.6,132.0
2011-09-04 07:15:00,8.88,6.49,0.0,0.0,72.3,153.3
2011-09-04 07:30:00,8.83,6.81,0.0,0.0,81.7,177.2
2011-09-04 07:45:00,8.81,6.85,0.0,0.0,71.0,171.2
2011-09-04 08:00:00,8.78,6.93,0.0,0.0,83.1,166.7
2011-09-04 08:15:00,8.83,6.89,0.0,0.0,74.1,171.9
2011-09-04 08:30:00,8.82,6.87,0.0,0.0,83.7,186.4
2011-09-04 08:45:00,8.78,6.89,0.0,0.0,78.1,191.9
2011-09-04 09:00:00,8.87,6.87,0.0,0.0,86.3,185.9
2011-09-04 09:15:00,8.84,6.81,0.0,0.0,79.7,178.4
2011-09-04 09:30:00,8.84,6.9,0.0,0.0,74.9,183.4
2011-09-04 09:45:00,8.86,6.85,0.0,0.0,74.3,169.8
2011-09-04 10:00:00,8.83,6.83,0.0,0.0,72.5,177.7
2011-09-04 10:15:00,8.88,6.89,0.0,0.0,71.3,163.8
2011-09-04 10:30:00,8.85,7.01,0.0,0.0,87.0,178.8
2011-09-04 10:45:00,8.89,6.98,0.0,0.0,82.9,189.4
2011-09-04 11:00:00,8.87,6.93,0.0,0.0,79.0,192.1
2011-09-04 11:15:00,8.86,6.91,0.0,0.0,90.5,183.9
2011-09-04 11:30:00,8.84,6.94,0.0,0.0,75.8,197.8
2011-09-04 11:45:00,8.84,6.89,0.0,0.0,73.1,183.2
2011-09-04 12:00:00,8.85,6.88,0.0,0.0,81.9,172.3
2011-09-04 12:15:00,8.82,6.92,0.0,0.0,80.0,174.5
2011-09-04 12:30:00,8.78,6.94,0.05,0.0,73.2,180.5
2011-09-04 12:45:00,8.81,7.0,0.05,0.0,74.9,167.4
2011-09-04 13:00:00,8.86,6.88,0.05,0.0,91.0,171.0
2011-09-04 13:15:00,8.86,6.85,0.05,0.0,77.5,169.9
2011-09-04 13:30:00,8.79,6.86,0.05,0.0,71.8,171.6
2011-09-04 13:45:00,8.85,6.87,0.05,0.0,87.1,177.0
2011-09-04 14:00:00,8.83,6.89,0.05,0.0,81.8,171.9
2011-09-04 14:15:00,8.79,6.25,0.05,0.0,82.2,175.6
2011-09-04 14:30:00,8.77,6.77,0.05,0.0,78.1,180.4
2011-09-04 14:45:00,8.83,6.46,0.05,0.0,84.1,185.9
2011-09-04 15:00:00,8.82,6.65,0.05,0.0,87.5,179.7
2011-09-04 15:15:00,8.78,6.7,0.05,0.0,87.0,191.1
2011-09-04 15:30:00,8.76,6.81,0.05,0.0,85.6,193.3
2011-09-04 15:45:00,8.72,6.95,0.05,0.0,85.9,187.8
2011-09-04 16:00:00,8.71,6.94,0.05,0.0,73.7,197.3
2011-09-04 16:15:00,8.68,6.79,0.05,0.0,74.6,218.3
2011-09-04 16:30:00,8.72,6.89,0.05,0.0,71.1,200.6
2011-09-04 16:45:00,8.68,6.91,0.05,0.0,73.7,205.5
2011-09-04 17:00:00,8.73,6.92,0.05,0.0,74.3,208.6
2011-09-04 17:15:00,8.77,6.91,0.05,0.0,79.6,213.8
2011-09-04 17:30:00,8.73,6.85,0.05,0.0,71.9,206.2
2011-09-04 17:45:00,8.74,6.87,0.05,0.0,72.0,200.3
2011-09-04 18:00:00,8.74,6.81,0.05,0.0,76.3,204.7
2011-09-04 18:15:00,8.72,6.95,0.05,0.0,71.2,201.9
2011-09-04 18:30:00,8.73,6.92,0.05,0.0,73.1,203.4
2011-09-04 18:45:00,8.7,6.86,0.05,0.0,71.7,191.0
2011-09-04 19:00:00,8.69,6.8,0.06,0.0,69.0,185.9
2011-09-04 19:15:00,8.64,6.71,0.25,0.0,77.8,166.7
2011-09-04 19:30:00,8.59,6.61,0.289999,0.0,81.3,174.2
2011-09-04 19:45:00,8.59,6.82,0.299999,0.0,81.8,157.7
2011-09-04 20:00:00,8.57,6.85,0.299999,0.0,70.9,176.6
2011-09-04 20:15:00,8.6,6.94,0.299999,0.0,67.6,169.3
2011-09-04 20:30:00,8.69,6.93,0.299999,0.0,82.9,175.4
2011-09-04 20:45:00,8.62,6.94,0.299999,0.0,56.8,180.0
2011-09-04 21:00:00,8.63,6.88,0.299999,0.0,75.0,174.1
2011-09-04 21:15:00,8.61,6.96,0.299999,0.0,75.7,183.8
2011-09-04 21:30:00,8.6,6.87,0.299999,0.0,65.6,188.2
2011-09-04 21:45:00,8.59,6.9,0.299999,0.0,81.9,191.2
2011-09-04 22:00:00,8.59,6.91,0.299999,0.0,74.7,200.8
2011-09-04 22:15:00,8.7,6.89,0.299999,0.0,66.7,197.5
2011-09-04 22:30:00,8.68,6.87,0.299999,0.0,75.3,203.9
2011-09-04 22:45:00,8.71,6.8,0.299999,0.0,81.3,203.5
2011-09-04 23:00:00,8.71,6.84,0.299999,0.0,74.8,197.6
2011-09-04 23:15:00,8.68,6.82,0.299999,0.0,78.7,201.6
2011-09-04 23:30:00,8.71,6.83,0.299999,0.0,81.2,202.4
2011-09-04 23:45:00,8.71,6.81,0.299999,0.0,68.0,186.2
2011-09-05 00:00:00,8.69,6.82,0.299999,0.0,73.6,192.7
2011-09-05 00:15:00,8.64,6.79,0.319999,0.0,61.9,199.6
2011-09-05 00:30:00,8.6,6.77,0.349999,0.0,66.7,195.3
2011-09-05 00:45:00,8.73,6.72,0.389999,0.0,73.1,199.0
2011-09-05 01:00:00,8.71,6.53,0.03,0.0,77.8,168.6
2011-09-05 01:15:00,8.67,6.45,0.06,0.0,68.1,189.5
2011-09-05 01:30:00,8.74,6.42,0.08,0.0,65.2,201.7
2011-09-05 01:45:00,8.73,6.58,0.11,0.0,64.7,200.9
2011-09-05 02:00:00,8.69,6.66,0.12,0.0,63.0,206.4
2011-09-05 02:15:00,8.75,6.56,0.16,0.1,63.2,200.0
2011-09-05 02:30:00,8.7,6.81,0.23,0.22,70.5,195.8
2011-09-05 02:45:00,8.74,6.73,0.299999,0.22,72.6,175.7
2011-09-05 03:00:00,8.75,6.75,0.359999,0.22,71.3,169.6
2011-09-05 03:15:00,8.62,6.75,0.379999,0.22,66.6,161.3
2011-09-05 03:30:00,8.64,6.91,0.429999,0.22,60.3,172.3
2011-09-05 03:45:00,8.65,6.47,0.449999,0.22,61.7,173.4
2011-09-05 04:00:00,8.61,6.69,0.449999,0.22,61.0,167.6
2011-09-05 04:15:00,8.62,6.84,0.449999,0.22,61.5,175.4
2011-09-05 04:30:00,8.62,6.89,0.449999,0.22,58.9,164.1
2011-09-05 04:45:00,8.57,6.81,0.449999,0.22,58.2,167.9
2011-09-05 05:00:00,8.59,6.82,0.449999,0.22,67.6,168.6
2011-09-05 05:15:00,8.52,6.8,0.459999,0.22,59.2,160.6
2011-09-05 05:30:00,8.57,6.79,0.459999,0.22,64.5,165.7
2011-09-05 05:45:00,8.61,6.91,0.459999,0.22,60.5,166.9
2011-09-05 06:00:00,8.6,6.93,0.459999,0.22,65.0,170.8
2011-09-05 06:15:00,8.65,6.92,0.459999,0.22,66.8,168.8
2011-09-05 06:30:00,8.6,6.92,0.459999,0.22,57.1,171.2
2011-09-05 06:45:00,8.6,6.87,0.459999,0.22,58.2,169.1
2011-09-05 07:00:00,8.58,6.81,0.459999,0.22,57.7,165.8
2011-09-05 07:15:00,8.51,6.87,0.459999,0.22,55.0,162.6
2011-09-05 07:30:00,8.63,6.82,0.459999,0.22,57.1,162.2
2011-09-05 07:45:00,8.67,6.78,0.459999,0.22,56.9,140.2
2011-09-05 08:00:00,8.69,6.74,0.459999,0.22,56.0,163.2
2011-09-05 08:15:00,8.64,6.32,0.459999,0.22,53.9,119.3
2011-09-05 08:30:00,8.66,5.91,0.459999,0.22,54.3,117.9
2011-09-05 08:45:00,8.71,6.65,0.459999,0.22,64.8,144.5
2011-09-05 09:00:00,8.7,6.7,0.459999,0.22,58.4,138.8
2011-09-05 09:15:00,8.71,6.75,0.459999,0.22,56.2,143.3
2011-09-05 09:30:00,8.71,6.77,0.459999,0.22,66.1,136.5
2011-09-05 09:45:00,8.77,6.8,0.459999,0.269999,57.5,156.4
2011-09-05 10:00:00,8.7,6.75,0.459999,0.269999,63.8,147.8
2011-09-05 10:15:00,8.63,6.79,0.459999,0.269999,58.0,155.0
2011-09-05 10:30:00,8.69,6.82,0.459999,0.269999,56.4,161.5
2011-09-05 10:45:00,8.73,6.77,0.459999,0.269999,61.8,157.1
2011-09-05 11:00:00,8.71,6.74,0.459999,0.269999,63.1,161.0
2011-09-05 11:15:00,8.7,6.72,0.459999,0.269999,60.3,150.3
2011-09-05 11:30:00,8.68,6.74,0.459999,0.269999,60.0,154.4
2011-09-05 11:45:00,8.65,6.78,0.459999,0.269999,63.7,170.5
2011-09-05 12:00:00,8.63,6.82,0.459999,0.269999,61.6,151.5
2011-09-05 12:15:00,8.69,6.8,0.459999,0.269999,65.3,153.3
2011-09-05 12:30:00,8.7,6.75,0.459999,0.269999,63.5,166.5
2011-09-05 12:45:00,8.58,6.79,0.459999,0.319999,62.0,161.3
2011-09-05 13:00:00,8.68,6.82,0.459999,0.329999,60.9,152.6
2011-09-05 13:15:00,8.65,6.78,0.459999,0.349999,53.6,144.6
2011-09-05 13:30:00,8.65,6.69,0.469999,0.469999,59.3,149.9
2011-09-05 13:45:00,8.59,6.75,0.469999,0.569999,53.3,124.6
2011-09-05 14:00:00,8.67,6.67,0.479999,0.609999,53.1,135.7
2011-09-05 14:15:00,8.58,6.61,0.479999,0.609999,56.3,142.0
2011-09-05 14:30:00,8.65,6.5,0.479999,0.619999,52.3,148.9
2011-09-05 14:45:00,8.63,6.67,0.479999,0.619999,58.4,138.6
2011-09-05 15:00:00,8.55,6.71,0.479999,0.619999,52.9,142.5
2011-09-05 15:15:00,8.56,6.63,0.479999,0.619999,48.3,133.7
2011-09-05 15:30:00,8.61,6.78,0.479999,0.639999,58.5,139.4
2011-09-05 15:45:00,8.6,6.73,0.479999,0.639999,61.0,148.3
2011-09-05 16:00:00,8.64,6.62,0.479999,0.639999,60.2,147.7
2011-09-05 16:15:00,8.6,6.64,0.479999,0.639999,67.4,151.5
2011-09-05 16:30:00,8.63,6.7,0.479999,0.639999,66.4,147.1
2011-09-05 16:45:00,8.6,6.64,0.479999,0.659999,51.2,158.0
2011-09-05 17:00:00,8.66,6.83,0.479999,0.669999,66.4,153.1
2011-09-05 17:15:00,8.67,6.89,0.489999,0.669999,66.5,149.7
2011-09-05 17:30:00,8.6,6.8,0.489999,0.719999,55.3,157.8
2011-09-05 17:45:00,8.64,6.89,0.489999,0.729999,58.1,155.9
2011-09-05 18:00:00,8.73,6.84,0.489999,0.729999,65.5,154.3
2011-09-05 18:15:00,8.7,6.9,0.489999,0.729999,58.8,153.8
2011-09-05 18:30:00,8.75,6.82,0.489999,0.729999,62.9,163.4
2011-09-05 18:45:00,8.75,6.88,0.489999,0.749999,60.1,158.4
2011-09-05 19:00:00,8.77,6.82,0.499999,0.749999,68.7,158.6
2011-09-05 19:15:00,8.84,6.84,0.499999,0.749999,59.7,143.9
2011-09-05 19:30:00,8.87,6.79,0.499999,0.769998,53.0,147.3
2011-09-05 19:45:00,8.85,6.68,0.499999,0.769998,53.2,139.3
2011-09-05 20:00:00,8.79,6.79,0.499999,0.779998,51.8,148.8
2011-09-05 20:15:00,8.72,6.76,0.499999,0.959998,59.2,142.0
2011-09-05 20:30:00,8.88,6.55,0.519999,1.069998,45.1,146.1
2011-09-05 20:45:00,8.82,6.65,0.529999,1.129998,54.9,150.8
2011-09-05 21:00:00,8.79,6.78,0.539999,1.139998,45.4,147.6
2011-09-05 21:15:00,8.79,6.83,0.549999,1.169998,50.2,134.8
2011-09-05 21:30:00,8.79,6.8,0.559999,1.179998,45.6,148.8
2011-09-05 21:45:00,8.81,6.78,0.569999,1.179998,50.3,143.8
2011-09-05 22:00:00,8.8,6.76,0.589999,1.179998,52.7,138.0
2011-09-05 22:15:00,8.76,6.8,0.609999,1.179998,47.3,143.0
2011-09-05 22:30:00,8.77,6.81,0.619999,1.219998,58.5,141.4
2011-09-05 22:45:00,8.73,6.84,0.629999,1.219998,47.2,144.1
2011-09-05 23:00:00,8.76,6.78,0.639999,1.239998,56.7,139.7
2011-09-05 23:15:00,8.66,6.83,0.649999,1.259997,47.0,141.2
2011-09-05 23:30:00,8.75,6.79,0.679999,1.269997,48.7,127.9
2011-09-05 23:45:00,8.68,6.78,0.719999,1.289997,49.5,149.0
