Date Time (ET), Port of Albany D.O. (ppm),Norrie Point D.O. (ppm),Piermont D.O. (ppm)
8/25/11 0:00,7.68,7.81,no data available
8/25/11 0:15,7.6,7.73,
8/25/11 0:30,7.57,7.63,
8/25/11 0:45,7.72,7.67,
8/25/11 1:00,7.74,7.63,
8/25/11 1:15,7.71,7.6,
8/25/11 1:30,7.6,7.57,
8/25/11 1:45,7.66,7.58,
8/25/11 2:00,7.84,7.58,
8/25/11 2:15,7.82,7.59,
8/25/11 2:30,7.82,7.61,
8/25/11 2:45,7.77,7.62,
8/25/11 3:00,7.76,7.6,
8/25/11 3:15,7.78,7.57,
8/25/11 3:30,7.8,7.57,
8/25/11 3:45,7.77,7.55,
8/25/11 4:00,7.73,7.54,
8/25/11 4:15,7.63,7.54,
8/25/11 4:30,7.59,7.47,
8/25/11 4:45,7.82,7.5,
8/25/11 5:00,7.79,7.44,
8/25/11 5:15,7.83,7.51,
8/25/11 5:30,7.81,7.56,
8/25/11 5:45,7.84,7.56,
8/25/11 6:00,7.86,7.54,
8/25/11 6:15,7.86,7.53,
8/25/11 6:30,7.86,7.5,
8/25/11 6:45,7.85,7.54,
8/25/11 7:00,7.87,7.53,
8/25/11 7:15,7.82,7.46,
8/25/11 7:30,7.85,7.57,
8/25/11 7:45,7.9,7.52,
8/25/11 8:00,7.83,7.52,
8/25/11 8:15,7.94,7.51,
8/25/11 8:30,7.97,7.51,
8/25/11 8:45,7.98,7.54,
8/25/11 9:00,7.97,7.58,
8/25/11 9:15,7.93,7.57,
8/25/11 9:30,7.89,7.6,
8/25/11 9:45,8,7.57,
8/25/11 10:00,7.94,7.56,
8/25/11 10:15,7.96,7.54,
8/25/11 10:30,7.95,7.54,
8/25/11 10:45,7.96,7.52,
8/25/11 11:00,7.91,7.48,
8/25/11 11:15,7.9,7.43,
8/25/11 11:30,7.79,7.27,
8/25/11 11:45,7.74,7.48,
8/25/11 12:00,7.77,7.57,
8/25/11 12:15,7.79,7.63,
8/25/11 12:30,7.75,7.68,
8/25/11 12:45,7.7,7.7,
8/25/11 13:00,7.75,7.75,
8/25/11 13:15,7.61,7.76,
8/25/11 13:30,7.77,7.72,
8/25/11 13:45,7.78,7.74,
8/25/11 14:00,7.83,7.75,
8/25/11 14:15,7.92,7.77,
8/25/11 14:30,7.95,7.76,
8/25/11 14:45,7.86,7.73,
8/25/11 15:00,7.78,7.77,
8/25/11 15:15,7.62,7.74,
8/25/11 15:30,7.64,7.87,
8/25/11 15:45,7.72,7.83,
8/25/11 16:00,7.72,7.72,
8/25/11 16:15,7.74,7.71,
8/25/11 16:30,7.92,7.71,
8/25/11 16:45,7.76,7.59,
8/25/11 17:00,7.74,7.7,
8/25/11 17:15,7.71,7.81,
8/25/11 17:30,7.62,7.8,
8/25/11 17:45,7.66,7.75,
8/25/11 18:00,7.75,7.95,
8/25/11 18:15,7.76,7.88,
8/25/11 18:30,7.79,7.84,
8/25/11 18:45,7.73,7.83,
8/25/11 19:00,7.7,7.81,
8/25/11 19:15,7.64,7.76,
8/25/11 19:30,7.62,7.72,
8/25/11 19:45,7.53,7.64,
8/25/11 20:00,7.62,7.62,
8/25/11 20:15,7.49,7.61,
8/25/11 20:30,7.58,7.6,
8/25/11 20:45,7.61,7.61,
8/25/11 21:00,7.52,7.6,
8/25/11 21:15,7.6,7.59,
8/25/11 21:30,7.61,7.57,
8/25/11 21:45,7.62,7.56,
8/25/11 22:00,7.67,7.54,
8/25/11 22:15,7.68,7.5,
8/25/11 22:30,7.7,7.48,
8/25/11 22:45,7.68,7.46,
8/25/11 23:00,7.65,7.42,
8/25/11 23:15,7.65,7.27,
8/25/11 23:30,7.54,7.26,
8/25/11 23:45,7.36,7.41,
8/26/11 0:00,7.33,7.35,
8/26/11 0:15,7.55,7.41,
8/26/11 0:30,7.43,7.41,
8/26/11 0:45,7.53,7.45,
8/26/11 1:00,7.47,7.45,
8/26/11 1:15,7.48,7.42,
8/26/11 1:30,7.49,7.38,
8/26/11 1:45,7.51,7.39,
8/26/11 2:00,7.52,7.37,
8/26/11 2:15,7.45,7.36,
8/26/11 2:30,7.58,7.33,
8/26/11 2:45,7.68,7.34,
8/26/11 3:00,7.62,7.34,
8/26/11 3:15,7.42,7.37,
8/26/11 3:30,7.55,7.34,
8/26/11 3:45,7.53,7.38,
8/26/11 4:00,7.62,7.33,
8/26/11 4:15,7.62,7.33,
8/26/11 4:30,7.71,7.32,
8/26/11 4:45,7.67,7.26,
8/26/11 5:00,7.73,7.25,
8/26/11 5:15,7.66,7.2,
8/26/11 5:30,7.75,7.18,
8/26/11 5:45,7.78,7.08,
8/26/11 6:00,7.79,6.75,
8/26/11 6:15,7.78,7.25,
8/26/11 6:30,7.74,7.35,
8/26/11 6:45,7.75,7.36,
8/26/11 7:00,7.74,7.25,
8/26/11 7:15,7.7,7.36,
8/26/11 7:30,7.68,7.39,
8/26/11 7:45,7.62,7.4,
8/26/11 8:00,7.66,7.41,
8/26/11 8:15,7.51,7.42,
8/26/11 8:30,7.58,7.45,
8/26/11 8:45,7.62,7.46,
8/26/11 9:00,7.63,7.42,
8/26/11 9:15,7.55,7.46,
8/26/11 9:30,7.52,7.51,
8/26/11 9:45,7.61,7.5,
8/26/11 10:00,7.6,7.5,
8/26/11 10:15,7.45,7.61,
8/26/11 10:30,7.69,7.64,
8/26/11 10:45,7.64,7.66,
8/26/11 11:00,7.65,7.62,
8/26/11 11:15,7.67,7.71,
8/26/11 11:30,7.64,7.66,
8/26/11 11:45,7.66,7.72,
8/26/11 12:00,7.52,7.53,
8/26/11 12:15,7.36,7.89,
8/26/11 12:30,7.49,7.75,
8/26/11 12:45,7.45,7.68,
8/26/11 13:00,7.35,7.79,
8/26/11 13:15,7.69,7.74,
8/26/11 13:30,7.65,7.65,
8/26/11 13:45,7.52,7.92,
8/26/11 14:00,7.55,7.69,
8/26/11 14:15,7.51,7.9,
8/26/11 14:30,7.53,7.48,
8/26/11 14:45,7.69,7.45,
8/26/11 15:00,7.66,7.43,
8/26/11 15:15,7.59,7.57,
8/26/11 15:30,7.62,7.42,
8/26/11 15:45,7.62,7.45,
8/26/11 16:00,7.67,7.43,
8/26/11 16:15,7.53,7.37,
8/26/11 16:30,7.75,7.51,
8/26/11 16:45,7.56,7.55,
8/26/11 17:00,7.57,7.37,
8/26/11 17:15,7.64,7.47,
8/26/11 17:30,7.51,7.42,
8/26/11 17:45,7.59,7.2,
8/26/11 18:00,7.65,7.4,
8/26/11 18:15,7.42,7.49,
8/26/11 18:30,7.45,7.7,
8/26/11 18:45,7.5,7.47,
8/26/11 19:00,7.59,7.69,
8/26/11 19:15,7.73,7.66,
8/26/11 19:30,7.58,7.69,
8/26/11 19:45,7.62,7.58,
8/26/11 20:00,7.74,7.68,
8/26/11 20:15,7.55,7.66,
8/26/11 20:30,7.18,7.54,
8/26/11 20:45,7.38,7.61,
8/26/11 21:00,7.5,7.76,
8/26/11 21:15,7.38,7.76,
8/26/11 21:30,7.8,7.71,
8/26/11 21:45,7.78,7.55,
8/26/11 22:00,7.94,7.55,
8/26/11 22:15,7.92,7.52,
8/26/11 22:30,7.86,7.51,
8/26/11 22:45,7.92,7.47,
8/26/11 23:00,7.86,7.49,
8/26/11 23:15,7.86,7.59,
8/26/11 23:30,7.74,7.64,
8/26/11 23:45,7.82,7.35,
8/27/11 0:00,7.68,7.21,
8/27/11 0:15,7.79,7.14,
8/27/11 0:30,7.7,7.33,
8/27/11 0:45,7.77,7.42,
8/27/11 1:00,7.81,7.48,
8/27/11 1:15,7.75,7.44,
8/27/11 1:30,7.77,7.48,
8/27/11 1:45,7.68,7.48,
8/27/11 2:00,7.72,7.46,
8/27/11 2:15,7.64,7.45,
8/27/11 2:30,7.72,7.41,
8/27/11 2:45,7.74,7.4,
8/27/11 3:00,7.71,7.37,
8/27/11 3:15,7.74,7.32,
8/27/11 3:30,7.67,7.31,
8/27/11 3:45,7.71,7.33,
8/27/11 4:00,7.66,7.25,
8/27/11 4:15,7.73,7.2,
8/27/11 4:30,7.74,7.28,
8/27/11 4:45,7.8,7.29,
8/27/11 5:00,7.74,7.22,
8/27/11 5:15,7.75,7.28,
8/27/11 5:30,7.72,7.16,
8/27/11 5:45,7.73,7.17,
8/27/11 6:00,7.72,7.15,
8/27/11 6:15,7.72,7.1,
8/27/11 6:30,7.7,7.26,
8/27/11 6:45,7.67,7.22,
8/27/11 7:00,7.74,7.3,
8/27/11 7:15,7.71,7.36,
8/27/11 7:30,7.48,7.38,
8/27/11 7:45,7.68,7.45,
8/27/11 8:00,7.7,7.48,
8/27/11 8:15,7.7,7.27,
8/27/11 8:30,7.71,7.37,
8/27/11 8:45,7.64,7.42,
8/27/11 9:00,7.7,7.47,
8/27/11 9:15,7.73,7.53,
8/27/11 9:30,7.68,7.46,
8/27/11 9:45,7.8,7.48,
8/27/11 10:00,7.82,7.47,
8/27/11 10:15,7.89,7.44,
8/27/11 10:30,7.99,7.48,
8/27/11 10:45,7.97,7.5,
8/27/11 11:00,7.98,7.53,
8/27/11 11:15,8.04,7.56,
8/27/11 11:30,8.06,7.61,
8/27/11 11:45,8,7.62,
8/27/11 12:00,7.93,7.62,
8/27/11 12:15,7.97,7.68,
8/27/11 12:30,7.83,7.57,
8/27/11 12:45,7.87,7.51,
8/27/11 13:00,7.81,7.3,
8/27/11 13:15,7.81,7.2,
8/27/11 13:30,7.78,7.5,
8/27/11 13:45,7.73,7.59,
8/27/11 14:00,7.81,7.58,
8/27/11 14:15,7.92,7.64,
8/27/11 14:30,7.87,7.76,
8/27/11 14:45,7.94,7.79,
8/27/11 15:00,7.95,7.69,
8/27/11 15:15,7.9,7.65,
8/27/11 15:30,7.9,7.55,
8/27/11 15:45,7.95,7.65,
8/27/11 16:00,7.91,7.41,
8/27/11 16:15,7.89,7.41,
8/27/11 16:30,8.02,7.42,
8/27/11 16:45,7.97,7.5,
8/27/11 17:00,7.99,7.44,
8/27/11 17:15,8.02,7.39,
8/27/11 17:30,8.09,7.36,
8/27/11 17:45,8.08,7.33,
8/27/11 18:00,8.09,7.2,
8/27/11 18:15,8.12,6.97,
8/27/11 18:30,8.14,7.1,
8/27/11 18:45,8.11,7.28,
8/27/11 19:00,8.09,7.27,
8/27/11 19:15,8.08,7.4,
8/27/11 19:30,8.1,7.37,
8/27/11 19:45,8.07,7.45,
8/27/11 20:00,7.93,7.52,
8/27/11 20:15,7.97,7.58,
8/27/11 20:30,7.99,7.38,
8/27/11 20:45,7.92,7.46,
8/27/11 21:00,7.95,7.43,
8/27/11 21:15,7.97,7.38,
8/27/11 21:30,7.89,7.34,
8/27/11 21:45,7.93,7.34,
8/27/11 22:00,7.87,7.3,
8/27/11 22:15,7.87,7.33,
8/27/11 22:30,7.81,7.32,
8/27/11 22:45,7.93,7.29,
8/27/11 23:00,7.94,7.29,
8/27/11 23:15,7.91,7.28,
8/27/11 23:30,7.9,7.3,
8/27/11 23:45,7.91,7.26,
8/28/11 0:00,7.93,7.29,
8/28/11 0:15,7.9,7.29,
8/28/11 0:30,7.83,7.3,
8/28/11 0:45,7.84,7.18,
8/28/11 1:00,7.82,7.07,
8/28/11 1:15,7.79,7.23,
8/28/11 1:30,7.78,7.23,
8/28/11 1:45,7.77,7.22,
8/28/11 2:00,7.75,7.29,
8/28/11 2:15,7.85,7.29,
8/28/11 2:30,7.83,7.26,
8/28/11 2:45,7.8,7.24,
8/28/11 3:00,7.81,7.3,
8/28/11 3:15,7.88,7.3,
8/28/11 3:30,7.88,7.27,
8/28/11 3:45,7.85,7.29,
8/28/11 4:00,7.82,7.26,
8/28/11 4:15,7.81,7.27,
8/28/11 4:30,7.85,7.27,
8/28/11 4:45,7.82,7.27,
8/28/11 5:00,7.84,7.33,
8/28/11 5:15,7.81,7.34,
8/28/11 5:30,7.79,7.36,
8/28/11 5:45,7.84,7.38,
8/28/11 6:00,7.82,7.35,
8/28/11 6:15,7.8,7.38,
8/28/11 6:30,7.79,7.38,
8/28/11 6:45,7.76,7.39,
8/28/11 7:00,7.77,7.38,
8/28/11 7:15,7.81,7.35,
8/28/11 7:30,7.78,7.32,
8/28/11 7:45,7.77,7.38,
8/28/11 8:00,7.78,7.38,
8/28/11 8:15,7.82,7.37,
8/28/11 8:30,7.74,7.45,
8/28/11 8:45,7.94,7.48,
8/28/11 9:00,7.97,7.47,
8/28/11 9:15,8,7.46,
8/28/11 9:30,8.03,7.38,
8/28/11 9:45,7.91,7.38,
8/28/11 10:00,8.07,7.36,
8/28/11 10:15,8.07,7.36,
8/28/11 10:30,8.09,7.37,
8/28/11 10:45,8.16,7.37,
8/28/11 11:00,8.13,7.37,
8/28/11 11:15,8.19,7.33,
8/28/11 11:30,8.21,7.37,
8/28/11 11:45,8.19,7.34,
8/28/11 12:00,8.16,7.34,
8/28/11 12:15,8.17,7.29,
8/28/11 12:30,8.1,7.38,
8/28/11 12:45,8.11,7.36,
8/28/11 13:00,8.13,7.39,
8/28/11 13:15,8.1,7.38,
8/28/11 13:30,8.09,7.3,
8/28/11 13:45,8.04,7.39,
8/28/11 14:00,8.06,7.38,
8/28/11 14:15,8.05,7.44,
8/28/11 14:30,8.05,7.45,
8/28/11 14:45,7.95,7.49,
8/28/11 15:00,8.04,7.57,
8/28/11 15:15,8.06,7.66,
8/28/11 15:30,8.06,7.59,
8/28/11 15:45,8.04,7.53,
8/28/11 16:00,8.03,7.56,
8/28/11 16:15,8.02,7.53,
8/28/11 16:30,8.01,7.52,
8/28/11 16:45,7.99,7.55,
8/28/11 17:00,7.96,7.54,
8/28/11 17:15,7.95,7.53,
8/28/11 17:30,7.93,7.49,
8/28/11 17:45,7.94,7.51,
8/28/11 18:00,7.94,7.55,
8/28/11 18:15,7.93,7.6,
8/28/11 18:30,7.95,7.6,
8/28/11 18:45,7.98,7.66,
8/28/11 19:00,8.02,7.67,
8/28/11 19:15,8.09,7.74,
8/28/11 19:30,8.18,7.77,
8/28/11 19:45,8.25,7.77,
8/28/11 20:00,8.33,7.76,
8/28/11 20:15,8.41,7.76,
8/28/11 20:30,8.45,7.74,
8/28/11 20:45,8.49,7.71,
8/28/11 21:00,8.51,7.69,
8/28/11 21:15,8.54,7.66,
8/28/11 21:30,8.57,7.66,
8/28/11 21:45,8.6,7.53,
8/28/11 22:00,8.61,7.57,
8/28/11 22:15,8.63,7.51,
8/28/11 22:30,8.65,7.47,
8/28/11 22:45,8.67,7.34,
8/28/11 23:00,8.68,7.39,
8/28/11 23:15,8.71,7.49,
8/28/11 23:30,8.71,7.34,
8/28/11 23:45,8.76,7.36,
8/29/11 0:00,8.76,7.43,
8/29/11 0:15,8.77,7.59,
8/29/11 0:30,8.78,7.62,
8/29/11 0:45,8.81,7.55,
8/29/11 1:00,8.81,7.63,
8/29/11 1:15,8.85,7.63,
8/29/11 1:30,8.86,7.73,
8/29/11 1:45,8.89,7.74,
8/29/11 2:00,8.91,7.79,
8/29/11 2:15,8.91,7.74,
8/29/11 2:30,8.93,7.84,
8/29/11 2:45,8.95,7.79,
8/29/11 3:00,8.97,7.82,
8/29/11 3:15,8.99,7.73,
8/29/11 3:30,9.01,7.89,
8/29/11 3:45,9.03,7.89,
8/29/11 4:00,9.04,7.87,
8/29/11 4:15,9.06,7.91,
8/29/11 4:30,9.08,7.87,
8/29/11 4:45,9.1,7.91,
8/29/11 5:00,9.11,7.91,
8/29/11 5:15,9.14,7.94,
8/29/11 5:30,9.16,7.96,
8/29/11 5:45,9.18,7.97,
8/29/11 6:00,9.21,8.03,
8/29/11 6:15,9.22,7.91,
8/29/11 6:30,9.25,7.99,
8/29/11 6:45,9.27,8.01,
8/29/11 7:00,9.29,7.98,
8/29/11 7:15,9.32,7.97,
8/29/11 7:30,9.34,7.89,
8/29/11 7:45,9.37,7.94,
8/29/11 8:00,9.4,7.9,
8/29/11 8:15,9.42,7.8,
8/29/11 8:30,9.44,7.7,
8/29/11 8:45,9.44,7.74,
8/29/11 9:00,9.46,7.59,
8/29/11 9:15,9.47,7.67,
8/29/11 9:30,9.49,7.53,
8/29/11 9:45,9.5,7.83,
8/29/11 10:00,9.52,7.86,
8/29/11 10:15,9.52,7.76,
8/29/11 10:30,9.54,7.87,
8/29/11 10:45,9.55,7.85,
8/29/11 11:00,9.55,7.87,
8/29/11 11:15,9.58,7.84,
8/29/11 11:30,9.57,7.85,
8/29/11 11:45,9.57,7.88,
8/29/11 12:00,9.58,7.88,
8/29/11 12:15,9.57,7.86,
8/29/11 12:30,9.58,7.89,
8/29/11 12:45,9.59,7.85,
8/29/11 13:00,9.59,7.82,
8/29/11 13:15,9.59,7.73,
8/29/11 13:30,9.6,7.76,
8/29/11 13:45,9.6,7.76,
8/29/11 14:00,9.6,7.79,
8/29/11 14:15,9.6,7.84,
8/29/11 14:30,9.62,7.79,
8/29/11 14:45,9.62,7.8,
8/29/11 15:00,9.63,7.86,
8/29/11 15:15,9.64,7.89,
8/29/11 15:30,9.64,7.87,
8/29/11 15:45,9.65,7.85,
8/29/11 16:00,9.66,7.81,
8/29/11 16:15,9.67,7.78,
8/29/11 16:30,9.67,7.78,
8/29/11 16:45,9.68,7.76,
8/29/11 17:00,9.68,7.64,
8/29/11 17:15,9.7,7.61,
8/29/11 17:30,9.7,7.66,
8/29/11 17:45,9.7,7.69,
8/29/11 18:00,9.71,7.67,
8/29/11 18:15,9.72,7.57,
8/29/11 18:30,9.73,7.63,
8/29/11 18:45,9.72,7.63,
8/29/11 19:00,9.73,7.66,
8/29/11 19:15,9.73,7.51,
8/29/11 19:30,9.75,7.51,
8/29/11 19:45,9.75,7.47,
8/29/11 20:00,9.74,7.41,
8/29/11 20:15,9.75,7.41,
8/29/11 20:30,9.75,6.94,
8/29/11 20:45,9.77,7.22,
8/29/11 21:00,9.77,7.41,
8/29/11 21:15,9.77,7.33,
8/29/11 21:30,9.79,7.29,
8/29/11 21:45,9.78,7.27,
8/29/11 22:00,9.79,7.14,
8/29/11 22:15,9.8,7.31,
8/29/11 22:30,9.81,7.34,
8/29/11 22:45,9.81,7.31,
8/29/11 23:00,9.81,7.3,
8/29/11 23:15,9.82,7.27,
8/29/11 23:30,9.83,7.3,
8/29/11 23:45,9.84,7.19,
8/30/11 0:00,9.84,7.33,
8/30/11 0:15,9.84,7.37,
8/30/11 0:30,9.86,7.24,
8/30/11 0:45,9.87,7.33,
8/30/11 1:00,9.86,7.36,
8/30/11 1:15,9.87,7.15,
8/30/11 1:30,9.87,7.22,
8/30/11 1:45,9.88,6.99,
8/30/11 2:00,9.87,7.17,
8/30/11 2:15,9.88,7.25,
8/30/11 2:30,9.88,7.29,
8/30/11 2:45,9.89,7.25,
8/30/11 3:00,9.89,7.35,
8/30/11 3:15,9.88,7.38,
8/30/11 3:30,9.89,7.4,
8/30/11 3:45,9.89,7.38,
8/30/11 4:00,9.9,7.51,
8/30/11 4:15,9.9,7.46,
8/30/11 4:30,9.9,7.42,
8/30/11 4:45,9.9,7.52,
8/30/11 5:00,9.89,7.49,
8/30/11 5:15,9.89,7.45,
8/30/11 5:30,9.9,7.17,
8/30/11 5:45,9.89,7.02,
8/30/11 6:00,9.88,7.21,
8/30/11 6:15,9.88,7.48,
8/30/11 6:30,9.87,7.31,
8/30/11 6:45,9.86,7.23,
8/30/11 7:00,9.86,7.25,
8/30/11 7:15,9.85,7.37,
8/30/11 7:30,9.86,7.25,
8/30/11 7:45,9.85,7.26,
8/30/11 8:00,9.84,7,
8/30/11 8:15,9.83,7.18,
8/30/11 8:30,9.84,7.24,
8/30/11 8:45,9.82,7.27,
8/30/11 9:00,9.81,7.23,
8/30/11 9:15,9.81,7,
8/30/11 9:30,9.8,7.1,
8/30/11 9:45,9.78,7.19,
8/30/11 10:00,9.78,7.05,
8/30/11 10:15,9.78,7,
8/30/11 10:30,9.76,7.15,
8/30/11 10:45,9.76,7.28,
8/30/11 11:00,9.75,7.26,
8/30/11 11:15,9.73,7.26,
8/30/11 11:30,9.72,7.27,
8/30/11 11:45,9.72,7.31,
8/30/11 12:00,9.72,7.3,
8/30/11 12:15,9.74,7.28,
8/30/11 12:30,9.73,7.28,
8/30/11 12:45,9.71,7.33,
8/30/11 13:00,9.74,7.27,
8/30/11 13:15,9.74,7.24,
8/30/11 13:30,9.74,7,
8/30/11 13:45,9.7,7.3,
8/30/11 14:00,9.71,7.08,
8/30/11 14:15,9.71,7.23,
8/30/11 14:30,9.73,7.33,
8/30/11 14:45,9.72,6.8,
8/30/11 15:00,9.72,7.03,
8/30/11 15:15,9.7,7.23,
8/30/11 15:30,9.71,7.18,
8/30/11 15:45,9.71,7.13,
8/30/11 16:00,9.7,7.2,
8/30/11 16:15,9.7,7.34,
8/30/11 16:30,9.72,7.3,
8/30/11 16:45,9.72,7.33,
8/30/11 17:00,9.72,7.46,
8/30/11 17:15,9.71,7.32,
8/30/11 17:30,9.68,7.41,
8/30/11 17:45,9.69,7.41,
8/30/11 18:00,9.71,7.4,
8/30/11 18:15,9.69,7.47,
8/30/11 18:30,9.7,7.46,
8/30/11 18:45,9.7,7.42,
8/30/11 19:00,9.71,7.38,
8/30/11 19:15,9.69,7.3,
8/30/11 19:30,9.68,7.31,
8/30/11 19:45,9.68,7.32,
8/30/11 20:00,9.67,7.27,
8/30/11 20:15,9.67,7.33,
8/30/11 20:30,9.65,7.09,
8/30/11 20:45,9.64,7.19,
8/30/11 21:00,9.65,6.83,
8/30/11 21:15,9.64,7.28,
8/30/11 21:30,9.67,7.42,
8/30/11 21:45,9.6,6.96,
8/30/11 22:00,9.63,6.97,
8/30/11 22:15,9.62,7.43,
8/30/11 22:30,9.61,7.53,
8/30/11 22:45,9.6,7.55,
8/30/11 23:00,9.58,7.49,
8/30/11 23:15,9.61,7.38,
8/30/11 23:30,9.59,7.5,
8/30/11 23:45,9.61,7.35,
8/31/11 0:00,9.62,7.38,
8/31/11 0:15,9.6,7.42,
8/31/11 0:30,9.58,7.4,
8/31/11 0:45,9.58,7.49,
8/31/11 1:00,9.61,7.51,
8/31/11 1:15,9.58,7.49,
8/31/11 1:30,9.56,7.44,
8/31/11 1:45,9.58,7.4,
8/31/11 2:00,9.58,7.47,
8/31/11 2:15,9.55,7.37,
8/31/11 2:30,9.56,7.42,
8/31/11 2:45,9.55,7.41,
8/31/11 3:00,9.52,7.31,
8/31/11 3:15,9.58,7.07,
8/31/11 3:30,9.51,7.22,
8/31/11 3:45,9.57,7.38,
8/31/11 4:00,9.61,7.43,
8/31/11 4:15,9.58,7.37,
8/31/11 4:30,9.57,7.39,
8/31/11 4:45,9.61,7.4,
8/31/11 5:00,9.62,7.43,
8/31/11 5:15,9.6,7.42,
8/31/11 5:30,9.59,7.21,
8/31/11 5:45,9.59,7.35,
8/31/11 6:00,9.59,7.31,
8/31/11 6:15,9.59,7.29,
8/31/11 6:30,9.59,7.25,
8/31/11 6:45,9.6,7.27,
8/31/11 7:00,9.6,7.24,
8/31/11 7:15,9.58,7.22,
8/31/11 7:30,9.59,7.19,
8/31/11 7:45,9.58,7.21,
8/31/11 8:00,9.61,7.18,
8/31/11 8:15,9.63,7.19,
8/31/11 8:30,9.63,7.1,
8/31/11 8:45,9.64,6.93,
8/31/11 9:00,9.65,6.93,
8/31/11 9:15,9.65,7.19,
8/31/11 9:30,9.67,6.93,
8/31/11 9:45,9.67,7.12,
8/31/11 10:00,9.68,6.95,
8/31/11 10:15,9.71,6.7,
8/31/11 10:30,9.7,7.29,
8/31/11 10:45,9.71,7.42,
8/31/11 11:00,9.7,7.47,
8/31/11 11:15,9.7,7.37,
8/31/11 11:30,9.71,7.35,
8/31/11 11:45,9.72,7.39,
8/31/11 12:00,9.69,7.28,
8/31/11 12:15,9.72,7.4,
8/31/11 12:30,9.72,7.42,
8/31/11 12:45,9.71,7.47,
8/31/11 13:00,9.68,7.47,
8/31/11 13:15,9.68,7.41,
8/31/11 13:30,9.69,7.46,
8/31/11 13:45,9.67,7.4,
8/31/11 14:00,9.65,7.45,
8/31/11 14:15,9.66,7.47,
8/31/11 14:30,9.65,7.43,
8/31/11 14:45,9.64,7.41,
8/31/11 15:00,9.63,7.38,
8/31/11 15:15,9.63,7.11,
8/31/11 15:30,9.59,7.07,
8/31/11 15:45,9.44,6.98,
8/31/11 16:00,9.57,7.14,
8/31/11 16:15,9.67,7.27,
8/31/11 16:30,9.68,7.17,
8/31/11 16:45,9.69,7.12,
8/31/11 17:00,9.66,7.21,
8/31/11 17:15,9.63,7.26,
8/31/11 17:30,9.62,7.2,
8/31/11 17:45,9.64,7.29,
8/31/11 18:00,9.6,7.26,
8/31/11 18:15,9.58,7.25,
8/31/11 18:30,9.56,7.29,
8/31/11 18:45,9.56,7.31,
8/31/11 19:00,9.54,7.34,
8/31/11 19:15,9.54,7.33,
8/31/11 19:30,9.53,7.32,
8/31/11 19:45,9.5,7.3,
8/31/11 20:00,9.5,7.32,
8/31/11 20:15,9.49,7.27,
8/31/11 20:30,9.49,7.25,
8/31/11 20:45,9.48,7.18,
8/31/11 21:00,9.46,6.94,
8/31/11 21:15,9.46,7.18,
8/31/11 21:30,9.43,7.13,
8/31/11 21:45,9.43,6.97,
8/31/11 22:00,9.43,7.18,
8/31/11 22:15,9.42,6.9,
8/31/11 22:30,9.39,7.35,
8/31/11 22:45,9.4,7.24,
8/31/11 23:00,9.39,7.02,
8/31/11 23:15,9.41,7.41,
8/31/11 23:30,9.43,7.34,
8/31/11 23:45,9.42,7.34,
9/1/11 0:00,9.41,7.24,
9/1/11 0:15,9.41,7.36,
9/1/11 0:30,9.44,7.28,
9/1/11 0:45,9.45,7.27,
9/1/11 1:00,9.45,7.22,
9/1/11 1:15,9.43,7.26,
9/1/11 1:30,9.42,7.27,
9/1/11 1:45,9.39,7.25,
9/1/11 2:00,9.38,7.27,
9/1/11 2:15,9.4,7.34,
9/1/11 2:30,9.4,7.3,
9/1/11 2:45,9.36,7.26,
9/1/11 3:00,9.38,7.26,
9/1/11 3:15,9.39,7.25,
9/1/11 3:30,9.41,7.2,
9/1/11 3:45,9.26,7.18,
9/1/11 4:00,9.49,7.11,
9/1/11 4:15,9.39,6.66,
9/1/11 4:30,9.38,7.08,
9/1/11 4:45,9.37,7.13,
9/1/11 5:00,9.37,7.13,
9/1/11 5:15,9.35,7.18,
9/1/11 5:30,9.41,7.25,
9/1/11 5:45,9.41,7.23,
9/1/11 6:00,9.39,7.18,
9/1/11 6:15,9.4,7.19,
9/1/11 6:30,9.41,7.17,
9/1/11 6:45,9.41,7.27,
9/1/11 7:00,9.38,7.23,
9/1/11 7:15,9.38,7.27,
9/1/11 7:30,9.36,7.24,
9/1/11 7:45,9.36,7.24,
9/1/11 8:00,9.37,7.2,
9/1/11 8:15,9.37,7.17,
9/1/11 8:30,9.36,7.22,
9/1/11 8:45,9.35,7.16,
9/1/11 9:00,9.33,7.2,
9/1/11 9:15,9.35,7.03,
9/1/11 9:30,9.33,7.11,
9/1/11 9:45,9.34,7.06,
9/1/11 10:00,9.33,7.03,
9/1/11 10:15,9.32,7.14,
9/1/11 10:30,9.28,7.1,
9/1/11 10:45,9.28,7.04,
9/1/11 11:00,9.33,7.3,
9/1/11 11:15,9.31,7.33,
9/1/11 11:30,9.28,7.45,
9/1/11 11:45,9.31,7.15,
9/1/11 12:00,9.31,7.11,
9/1/11 12:15,9.33,7.21,
9/1/11 12:30,9.36,7.18,
9/1/11 12:45,9.34,7.25,
9/1/11 13:00,9.31,7.17,
9/1/11 13:15,9.32,7.19,
9/1/11 13:30,9.37,7.19,
9/1/11 13:45,9.39,7.25,
9/1/11 14:00,9.4,7.27,
9/1/11 14:15,9.39,7.19,
9/1/11 14:30,9.37,7.23,
9/1/11 14:45,9.37,7.19,
9/1/11 15:00,9.39,7.12,
9/1/11 15:15,9.42,7.22,
9/1/11 15:30,9.43,7.21,
9/1/11 15:45,9.39,7.19,
9/1/11 16:00,9.42,7.16,
9/1/11 16:15,9.48,7.11,
9/1/11 16:30,9.45,6.3,
9/1/11 16:45,9.39,7.02,
9/1/11 17:00,9.36,7.08,
9/1/11 17:15,9.39,7.06,
9/1/11 17:30,9.39,7,
9/1/11 17:45,9.39,7.12,
9/1/11 18:00,9.39,6.96,
9/1/11 18:15,9.38,7.04,
9/1/11 18:30,9.35,7.13,
9/1/11 18:45,9.26,7.11,
9/1/11 19:00,9.35,7.13,
9/1/11 19:15,9.34,7.06,
9/1/11 19:30,9.38,7.1,
9/1/11 19:45,9.35,7.15,
9/1/11 20:00,9.35,7.12,
9/1/11 20:15,9.34,7.16,
9/1/11 20:30,9.34,7.11,
9/1/11 20:45,9.33,7.03,
9/1/11 21:00,9.34,7.09,
9/1/11 21:15,9.33,7.03,
9/1/11 21:30,9.31,6.97,
9/1/11 21:45,9.32,7.01,
9/1/11 22:00,9.3,6.59,
9/1/11 22:15,9.28,6.7,
9/1/11 22:30,9.31,6.98,
9/1/11 22:45,9.29,6.75,
9/1/11 23:00,9.3,7,
9/1/11 23:15,9.29,6.86,
9/1/11 23:30,9.27,7.13,
9/1/11 23:45,9.27,7.28,
9/2/11 0:00,9.24,7.24,
9/2/11 0:15,9.22,7.23,
9/2/11 0:30,9.24,6.72,
9/2/11 0:45,9.22,6.9,
9/2/11 1:00,9.2,7.06,
9/2/11 1:15,9.2,7.05,
9/2/11 1:30,9.19,7.07,
9/2/11 1:45,9.17,7.03,
9/2/11 2:00,9.17,7.32,
9/2/11 2:15,9.16,7.13,
9/2/11 2:30,9.17,7.24,
9/2/11 2:45,9.17,7.33,
9/2/11 3:00,9.17,7.19,
9/2/11 3:15,9.19,7.27,
9/2/11 3:30,9.19,7.21,
9/2/11 3:45,9.24,7.17,
9/2/11 4:00,9.24,7.17,
9/2/11 4:15,9.18,7.14,
9/2/11 4:30,9.23,7.13,
9/2/11 4:45,9.2,6.88,
9/2/11 5:00,9.13,6.3,
9/2/11 5:15,9.1,6.91,
9/2/11 5:30,9.03,7.06,
9/2/11 5:45,9.12,7.11,
9/2/11 6:00,9.09,7.07,
9/2/11 6:15,9.14,7.16,
9/2/11 6:30,9.16,7.07,
9/2/11 6:45,9.11,7.14,
9/2/11 7:00,9.17,7.07,
9/2/11 7:15,9.2,7.09,
9/2/11 7:30,9.23,7.16,
9/2/11 7:45,9.17,7.06,
9/2/11 8:00,9.18,7.12,
9/2/11 8:15,9.18,7.12,
9/2/11 8:30,9.21,7.16,
9/2/11 8:45,9.19,7.07,
9/2/11 9:00,9.2,7.12,
9/2/11 9:15,9.18,7.07,
9/2/11 9:30,9.23,7.09,
9/2/11 9:45,9.14,6.87,
9/2/11 10:00,9.21,6.9,
9/2/11 10:15,9.16,7.08,
9/2/11 10:30,9.2,6.96,
9/2/11 10:45,9.18,7.07,
9/2/11 11:00,9.16,6.97,
9/2/11 11:15,9.16,6.96,
9/2/11 11:30,9.13,7.04,
9/2/11 11:45,9.08,7.06,
9/2/11 12:00,9.12,7.07,
9/2/11 12:15,9.09,6.33,
9/2/11 12:30,9.1,6.93,
9/2/11 12:45,9.05,6.88,
9/2/11 13:00,9.08,7.07,
9/2/11 13:15,9.07,6.96,
9/2/11 13:30,9.04,7.08,
9/2/11 13:45,9.05,7.08,
9/2/11 14:00,9,7.17,
9/2/11 14:15,8.97,7.17,
9/2/11 14:30,9.05,7.16,
9/2/11 14:45,9.07,7.13,
9/2/11 15:00,9.05,7.1,
9/2/11 15:15,9.08,7.12,
9/2/11 15:30,9.03,7.14,
9/2/11 15:45,9.06,7.15,
9/2/11 16:00,9.05,7.06,
9/2/11 16:15,9.05,7.14,
9/2/11 16:30,9.04,7.07,
9/2/11 16:45,9.03,7.06,
9/2/11 17:00,9.05,7.04,
9/2/11 17:15,9,6.98,
9/2/11 17:30,9.08,6.9,
9/2/11 17:45,9.02,6.91,
9/2/11 18:00,9.02,7.08,
9/2/11 18:15,9.11,6.98,
9/2/11 18:30,9.01,7.05,
9/2/11 18:45,9.11,7.05,
9/2/11 19:00,9.06,7.1,
9/2/11 19:15,9.07,7.15,
9/2/11 19:30,8.94,7.07,
9/2/11 19:45,9.05,7.02,
9/2/11 20:00,9.05,7.04,
9/2/11 20:15,8.98,7.06,
9/2/11 20:30,9.04,7.04,
9/2/11 20:45,9.04,7.06,
9/2/11 21:00,9.1,7,
9/2/11 21:15,9.11,6.9,
9/2/11 21:30,9.06,7.05,
9/2/11 21:45,9.09,7.01,
9/2/11 22:00,9.1,7.03,
9/2/11 22:15,9.07,6.94,
9/2/11 22:30,9.13,6.96,
9/2/11 22:45,9.06,6.91,
9/2/11 23:00,9.09,6.85,
9/2/11 23:15,9.09,6.77,
9/2/11 23:30,9.08,6.38,
9/2/11 23:45,9.08,6.39,
9/3/11 0:00,9.01,6.87,
9/3/11 0:15,9.11,6.79,
9/3/11 0:30,9.02,6.75,
9/3/11 0:45,8.99,6.74,
9/3/11 1:00,9.04,7.01,
9/3/11 1:15,9.05,6.99,
9/3/11 1:30,9.02,6.87,
9/3/11 1:45,8.99,6.86,
9/3/11 2:00,9,6.82,
9/3/11 2:15,8.96,7.18,
9/3/11 2:30,8.96,7.02,
9/3/11 2:45,8.97,6.91,
9/3/11 3:00,8.97,7.09,
9/3/11 3:15,8.94,7.07,
9/3/11 3:30,8.95,7.25,
9/3/11 3:45,8.87,7.23,
9/3/11 4:00,8.96,7.18,
9/3/11 4:15,8.94,7.16,
9/3/11 4:30,8.99,7.1,
9/3/11 4:45,8.97,7.09,
9/3/11 5:00,8.94,7.04,
9/3/11 5:15,9.01,7.1,
9/3/11 5:30,9.01,7.03,
9/3/11 5:45,8.97,6.96,
9/3/11 6:00,9.03,6.68,
9/3/11 6:15,8.88,6.27,
9/3/11 6:30,8.94,6.97,
9/3/11 6:45,8.95,7.06,
9/3/11 7:00,9,7.02,
9/3/11 7:15,8.95,6.97,
9/3/11 7:30,8.91,6.98,
9/3/11 7:45,8.91,6.99,
9/3/11 8:00,8.86,6.97,
9/3/11 8:15,8.89,7.04,
9/3/11 8:30,8.9,7.07,
9/3/11 8:45,8.96,7.07,
9/3/11 9:00,8.91,7.03,
9/3/11 9:15,9.01,7.03,
9/3/11 9:30,8.99,7.05,
9/3/11 9:45,8.94,7.03,
9/3/11 10:00,8.95,7.01,
9/3/11 10:15,8.97,7.07,
9/3/11 10:30,8.96,7.05,
9/3/11 10:45,8.92,7.05,
9/3/11 11:00,8.9,7,
9/3/11 11:15,8.97,7,
9/3/11 11:30,8.95,6.94,
9/3/11 11:45,8.96,6.9,
9/3/11 12:00,8.94,6.82,
9/3/11 12:15,8.95,6.96,
9/3/11 12:30,8.88,6.96,
9/3/11 12:45,8.93,6.89,
9/3/11 13:00,8.94,7.02,
9/3/11 13:15,8.9,7.17,
9/3/11 13:30,8.83,6.95,
9/3/11 13:45,8.86,7.07,
9/3/11 14:00,8.79,6.96,
9/3/11 14:15,8.79,6.83,
9/3/11 14:30,8.92,6.91,
9/3/11 14:45,8.93,6.77,
9/3/11 15:00,8.9,6.95,
9/3/11 15:15,8.89,6.93,
9/3/11 15:30,8.84,7.09,
9/3/11 15:45,8.8,7.05,
9/3/11 16:00,8.89,7.05,
9/3/11 16:15,8.95,7.07,
9/3/11 16:30,8.92,7.06,
9/3/11 16:45,8.91,6.99,
9/3/11 17:00,8.96,6.97,
9/3/11 17:15,8.96,7.07,
9/3/11 17:30,8.93,7.06,
9/3/11 17:45,9.02,6.98,
9/3/11 18:00,9.02,6.98,
9/3/11 18:15,8.99,6.81,
9/3/11 18:30,8.89,6.53,
9/3/11 18:45,8.95,6.95,
9/3/11 19:00,8.98,6.99,
9/3/11 19:15,8.98,7.04,
9/3/11 19:30,8.98,7.03,
9/3/11 19:45,9.01,7.06,
9/3/11 20:00,8.83,7.01,
9/3/11 20:15,8.9,7.06,
9/3/11 20:30,8.87,7.04,
9/3/11 20:45,8.9,7.03,
9/3/11 21:00,8.94,7.03,
9/3/11 21:15,8.94,6.99,
9/3/11 21:30,8.89,6.98,
9/3/11 21:45,8.95,6.9,
9/3/11 22:00,8.98,6.97,
9/3/11 22:15,8.91,6.96,
9/3/11 22:30,8.94,6.93,
9/3/11 22:45,8.88,6.96,
9/3/11 23:00,8.96,6.97,
9/3/11 23:15,8.94,6.95,
9/3/11 23:30,8.9,6.93,
9/3/11 23:45,8.98,6.83,
9/4/11 0:00,8.96,6.71,
9/4/11 0:15,8.93,6.73,
9/4/11 0:30,8.99,6.66,
9/4/11 0:45,8.93,6.75,
9/4/11 1:00,8.99,6.6,
9/4/11 1:15,8.96,6.73,
9/4/11 1:30,8.96,6.57,
9/4/11 1:45,8.92,6.87,
9/4/11 2:00,8.94,6.55,
9/4/11 2:15,8.95,6.87,
9/4/11 2:30,8.91,6.33,
9/4/11 2:45,8.93,6.45,
9/4/11 3:00,8.91,6.92,
9/4/11 3:15,8.88,6.6,
9/4/11 3:30,8.87,6.9,
9/4/11 3:45,8.88,6.8,
9/4/11 4:00,8.85,6.88,
9/4/11 4:15,8.82,6.83,
9/4/11 4:30,8.88,6.93,
9/4/11 4:45,8.83,7.05,
9/4/11 5:00,8.87,6.95,
9/4/11 5:15,8.88,6.96,
9/4/11 5:30,8.88,6.94,
9/4/11 5:45,8.89,7,
9/4/11 6:00,8.83,6.87,
9/4/11 6:15,8.92,6.93,
9/4/11 6:30,8.95,6.91,
9/4/11 6:45,8.92,6.61,
9/4/11 7:00,8.93,6.01,
9/4/11 7:15,8.88,6.49,
9/4/11 7:30,8.83,6.81,
9/4/11 7:45,8.81,6.85,
9/4/11 8:00,8.78,6.93,
9/4/11 8:15,8.83,6.89,
9/4/11 8:30,8.82,6.87,
9/4/11 8:45,8.78,6.89,
9/4/11 9:00,8.87,6.87,
9/4/11 9:15,8.84,6.81,
9/4/11 9:30,8.84,6.9,
9/4/11 9:45,8.86,6.85,
9/4/11 10:00,8.83,6.83,
9/4/11 10:15,8.88,6.89,
9/4/11 10:30,8.85,7.01,
9/4/11 10:45,8.89,6.98,
9/4/11 11:00,8.87,6.93,
9/4/11 11:15,8.86,6.91,
9/4/11 11:30,8.84,6.94,
9/4/11 11:45,8.84,6.89,
9/4/11 12:00,8.85,6.88,
9/4/11 12:15,8.82,6.92,
9/4/11 12:30,8.78,6.94,
9/4/11 12:45,8.81,7,
9/4/11 13:00,8.86,6.88,
9/4/11 13:15,8.86,6.85,
9/4/11 13:30,8.79,6.86,
9/4/11 13:45,8.85,6.87,
9/4/11 14:00,8.83,6.89,
9/4/11 14:15,8.79,6.25,
9/4/11 14:30,8.77,6.77,
9/4/11 14:45,8.83,6.46,
9/4/11 15:00,8.82,6.65,
9/4/11 15:15,8.78,6.7,
9/4/11 15:30,8.76,6.81,
9/4/11 15:45,8.72,6.95,
9/4/11 16:00,8.71,6.94,
9/4/11 16:15,8.68,6.79,
9/4/11 16:30,8.72,6.89,
9/4/11 16:45,8.68,6.91,
9/4/11 17:00,8.73,6.92,
9/4/11 17:15,8.77,6.91,
9/4/11 17:30,8.73,6.85,
9/4/11 17:45,8.74,6.87,
9/4/11 18:00,8.74,6.81,
9/4/11 18:15,8.72,6.95,
9/4/11 18:30,8.73,6.92,
9/4/11 18:45,8.7,6.86,
9/4/11 19:00,8.69,6.8,
9/4/11 19:15,8.64,6.71,
9/4/11 19:30,8.59,6.61,
9/4/11 19:45,8.59,6.82,
9/4/11 20:00,8.57,6.85,
9/4/11 20:15,8.6,6.94,
9/4/11 20:30,8.69,6.93,
9/4/11 20:45,8.62,6.94,
9/4/11 21:00,8.63,6.88,
9/4/11 21:15,8.61,6.96,
9/4/11 21:30,8.6,6.87,
9/4/11 21:45,8.59,6.9,
9/4/11 22:00,8.59,6.91,
9/4/11 22:15,8.7,6.89,
9/4/11 22:30,8.68,6.87,
9/4/11 22:45,8.71,6.8,
9/4/11 23:00,8.71,6.84,
9/4/11 23:15,8.68,6.82,
9/4/11 23:30,8.71,6.83,
9/4/11 23:45,8.71,6.81,
9/5/11 0:00,8.69,6.82,
9/5/11 0:15,8.64,6.79,
9/5/11 0:30,8.6,6.77,
9/5/11 0:45,8.73,6.72,
9/5/11 1:00,8.71,6.53,
9/5/11 1:15,8.67,6.45,
9/5/11 1:30,8.74,6.42,
9/5/11 1:45,8.73,6.58,
9/5/11 2:00,8.69,6.66,
9/5/11 2:15,8.75,6.56,
9/5/11 2:30,8.7,6.81,
9/5/11 2:45,8.74,6.73,
9/5/11 3:00,8.75,6.75,
9/5/11 3:15,8.62,6.75,
9/5/11 3:30,8.64,6.91,
9/5/11 3:45,8.65,6.47,
9/5/11 4:00,8.61,6.69,
9/5/11 4:15,8.62,6.84,
9/5/11 4:30,8.62,6.89,
9/5/11 4:45,8.57,6.81,
9/5/11 5:00,8.59,6.82,
9/5/11 5:15,8.52,6.8,
9/5/11 5:30,8.57,6.79,
9/5/11 5:45,8.61,6.91,
9/5/11 6:00,8.6,6.93,
9/5/11 6:15,8.65,6.92,
9/5/11 6:30,8.6,6.92,
9/5/11 6:45,8.6,6.87,
9/5/11 7:00,8.58,6.81,
9/5/11 7:15,8.51,6.87,
9/5/11 7:30,8.63,6.82,
9/5/11 7:45,8.67,6.78,
9/5/11 8:00,8.69,6.74,
9/5/11 8:15,8.64,6.32,
9/5/11 8:30,8.66,5.91,
9/5/11 8:45,8.71,6.65,
9/5/11 9:00,8.7,6.7,
9/5/11 9:15,8.71,6.75,
9/5/11 9:30,8.71,6.77,
9/5/11 9:45,8.77,6.8,
9/5/11 10:00,8.7,6.75,
9/5/11 10:15,8.63,6.79,
9/5/11 10:30,8.69,6.82,
9/5/11 10:45,8.73,6.77,
9/5/11 11:00,8.71,6.74,
9/5/11 11:15,8.7,6.72,
9/5/11 11:30,8.68,6.74,
9/5/11 11:45,8.65,6.78,
9/5/11 12:00,8.63,6.82,
9/5/11 12:15,8.69,6.8,
9/5/11 12:30,8.7,6.75,
9/5/11 12:45,8.58,6.79,
9/5/11 13:00,8.68,6.82,
9/5/11 13:15,8.65,6.78,
9/5/11 13:30,8.65,6.69,
9/5/11 13:45,8.59,6.75,
9/5/11 14:00,8.67,6.67,
9/5/11 14:15,8.58,6.61,
9/5/11 14:30,8.65,6.5,
9/5/11 14:45,8.63,6.67,
9/5/11 15:00,8.55,6.71,
9/5/11 15:15,8.56,6.63,
9/5/11 15:30,8.61,6.78,
9/5/11 15:45,8.6,6.73,
9/5/11 16:00,8.64,6.62,
9/5/11 16:15,8.6,6.64,
9/5/11 16:30,8.63,6.7,
9/5/11 16:45,8.6,6.64,
9/5/11 17:00,8.66,6.83,
9/5/11 17:15,8.67,6.89,
9/5/11 17:30,8.6,6.8,
9/5/11 17:45,8.64,6.89,
9/5/11 18:00,8.73,6.84,
9/5/11 18:15,8.7,6.9,
9/5/11 18:30,8.75,6.82,
9/5/11 18:45,8.75,6.88,
9/5/11 19:00,8.77,6.82,
9/5/11 19:15,8.84,6.84,
9/5/11 19:30,8.87,6.79,
9/5/11 19:45,8.85,6.68,
9/5/11 20:00,8.79,6.79,
9/5/11 20:15,8.72,6.76,
9/5/11 20:30,8.88,6.55,
9/5/11 20:45,8.82,6.65,
9/5/11 21:00,8.79,6.78,
9/5/11 21:15,8.79,6.83,
9/5/11 21:30,8.79,6.8,
9/5/11 21:45,8.81,6.78,
9/5/11 22:00,8.8,6.76,
9/5/11 22:15,8.76,6.8,
9/5/11 22:30,8.77,6.81,
9/5/11 22:45,8.73,6.84,
9/5/11 23:00,8.76,6.78,
9/5/11 23:15,8.66,6.83,
9/5/11 23:30,8.75,6.79,
9/5/11 23:45,8.68,6.78,